country,1800,1801,1802,1803,1804,1805,1806,1807,1808,1809,1810,1811,1812,1813,1814,1815,1816,1817,1818,1819,1820,1821,1822,1823,1824,1825,1826,1827,1828,1829,1830,1831,1832,1833,1834,1835,1836,1837,1838,1839,1840,1841,1842,1843,1844,1845,1846,1847,1848,1849,1850,1851,1852,1853,1854,1855,1856,1857,1858,1859,1860,1861,1862,1863,1864,1865,1866,1867,1868,1869,1870,1871,1872,1873,1874,1875,1876,1877,1878,1879,1880,1881,1882,1883,1884,1885,1886,1887,1888,1889,1890,1891,1892,1893,1894,1895,1896,1897,1898,1899,1900,1901,1902,1903,1904,1905,1906,1907,1908,1909,1910,1911,1912,1913,1914,1915,1916,1917,1918,1919,1920,1921,1922,1923,1924,1925,1926,1927,1928,1929,1930,1931,1932,1933,1934,1935,1936,1937,1938,1939,1940,1941,1942,1943,1944,1945,1946,1947,1948,1949,1950,1951,1952,1953,1954,1955,1956,1957,1958,1959,1960,1961,1962,1963,1964,1965,1966,1967,1968,1969,1970,1971,1972,1973,1974,1975,1976,1977,1978,1979,1980,1981,1982,1983,1984,1985,1986,1987,1988,1989,1990,1991,1992,1993,1994,1995,1996,1997,1998,1999,2000,2001,2002,2003,2004,2005,2006,2007,2008,2009,2010,2011,2012,2013,2014,2015
Afghanistan,,,,,,,,,,,,,,,,,,,,,,,,,,,,,,,,,,,,,,,,,,,,,,,,,,,,,,,,,,,,,,,,,,,,,,,,,,,,,,,,,,,,,,,,,,,,,,,,,,,,,,,,,,,,,,,,,,,,,,,,,,,,,,,,,,,,,,,,,,,,,,,,,,,,,,,,,,,,,,,,,245,241,236,232,229,225,221,217,213,210,206,202,198,194,190,187,183,179,175,170,166,162,158,153,149,145,140,136,131,127,123,118,114,111,108,105,103,101,98.9,97.2,95.4,93.4,91.2,89,86.7,84.4,82.3,80.4,78.6,76.8,75.1,73.4,71.7,69.9,68.1,66.3
Angola,,,,,,,,,,,,,,,,,,,,,,,,,,,,,,,,,,,,,,,,,,,,,,,,,,,,,,,,,,,,,,,,,,,,,,,,,,,,,,,,,,,,,,,,,,,,,,,,,,,,,,,,,,,,,,,,,,,,,,,,,,,,,,,,,,,,,,,,,,,,,,,,,,,,,,,,,,,,,,,,,208,,,,,,,,,,180,,,,,,,,,,138,138,137,136,135,135,134,134,134,134,134,134,134,133,133,133,132,132,131,130,128,127,126,124,123,121,119,117,115,112,110,107,104,101,98.8,96
Albania,,,,,,,,,,,,,,,,,,,,,,,,,,,,,,,,,,,,,,,,,,,,,,,,,,,,,,,,,,,,,,,,,,,,,,,,,,,,,,,,,,,,,,,,,,,,,,,,,,,,,,,,,,,,,,,,,,,,,,,,,,,,,,,,,,,,,,,,,,,,,,,,,,,,,,,,,,,,,,,,120,115,111,107,102,97.9,94.1,90.2,86.8,83.5,80.2,76.8,74.1,71,68.3,65.8,63.1,60.8,58.6,73,68.4,64,59.9,56.1,52.4,49.1,45.9,43.2,40.8,38.6,36.7,35.1,33.7,32.5,31.4,30.3,29.1,27.9,26.8,25.5,24.4,23.2,22.1,21,20,19.1,18.3,17.4,16.7,16,15.4,14.8,14.3,13.8,13.3,12.9,12.5
Andorra,,,,,,,,,,,,,,,,,,,,,,,,,,,,,,,,,,,,,,,,,,,,,,,,,,,,,,,,,,,,,,,,,,,,,,,,,,,,,,,,,,,,,,,,,,,,,,,,,,,,,,,,,,,,,,,,,,,,,,,,,,,,,,,,,,,,,,,,,,,,,,,,,,,,,,,,,,,,,,,,,,,,,,,,,,,,,,,,,,,,,,,,,,,,,,7,7.5,7,6.5,6.1,5.6,5.2,5,4.6,4.3,4.1,3.9,3.7,3.5,3.3,3.2,3.1,2.9,2.8,2.7,2.6,2.5,2.4,2.3,2.2,2.1,2.1
UAE,,,,,,,,,,,,,,,,,,,,,,,,,,,,,,,,,,,,,,,,,,,,,,,,,,,,,,,,,,,,,,,,,,,,,,,,,,,,,,,,,,,,,,,,,,,,,,,,,,,,,,,,,,,,,,,,,,,,,,,,,,,,,,,,,,,,,,,,,,,,,,,,,,,,,,,,,,,,,,,,,137,131,124,117,111,104,97.5,90.6,83.8,77.2,70.9,65.1,59.6,54.7,50.2,45.9,41.9,38.2,34.8,31.7,28.9,26.4,24.2,22.3,20.7,19.3,18,16.9,15.9,15,14.1,13.4,12.8,12.2,11.7,11.2,10.8,10.5,10.1,9.8,9.6,9.3,9.1,8.9,8.7,8.4,8.2,8,7.8,7.6,7.3,7,6.7,6.4,6.1,5.9
Argentina,,,,,,,,,,,,,,,,,,,,,,,,,,,,,,,,,,,,,,,,,,,,,,,,,,,,,,,,,,,,,,,,,,,,,,,,,,,,,,,,,,,,,,,,,,,,,,,,,,,,,,,,,,,,,,,,148,143,130,125,124,124,128,138,134,127,116,112,112,116,121,119,126,113,107,100,100,95,87,97,106,97,95,103,90,90,85,86,80,81,82,74,78,69,67,68,67,65,63,60,62,57,68,61,59,59.9,59.7,59.6,59.4,59.3,59.1,58.9,58.7,58.6,60,59.5,58.8,58,56.8,55.2,53.2,50.5,47.2,43.8,40.3,37.2,34.7,32.8,31.3,30.1,29,28.1,27.1,26.2,25.3,24.4,23.6,22.8,22.1,21.4,20.8,20.2,19.6,19.1,18.5,18,17.6,17.1,16.6,16,15.3,14.6,14.1,13.7,13.4,13,12.7,12.3,11.9,11.5,11.1
Armenia,,,,,,,,,,,,,,,,,,,,,,,,,,,,,,,,,,,,,,,,,,,,,,,,,,,,,,,,,,,,,,,,,,,,,,,,,,,,,,,,,,,,,,,,,,,,,,,,,,,,,,,,,,,,,,,,,,,,,,,,,,,,,,,,,,,,,,,,,,,,,,,,,,,,,,,,,,,,,,,,,,,,,,,,,,,,,,,,,70.8,68.3,65.9,63.5,61.3,59.2,57.1,55.2,53.3,51.4,49.6,47.8,49.9,44.3,42.5,40.6,38.8,37,35.3,33.7,32.1,30.6,29.2,27.9,26.6,25.3,24.2,23,21.9,20.8,19.8,18.8,17.9,17,16.1,15.3,14.6,13.8,13.2,12.6
Antigua and Barbuda,,,,,,,,,,,,,,,,,,,,,,,,,,,,,,,,,,,,,,,,,,,,,,,,,,,,,,,,,,,,,,,,,,,,,,,,,,,,,,,,,,,,,,,,,,,,,,,,,,,,,,,,,,,,,,,,,,,,,,,,,,,,,,,,,,,,,,,,,,,,,,,,,,,,,,,,,,,,,,,,,,,,,,,,,,,,,,,,,,,,,,,,,,,,,,,24,22.6,21.5,20.3,19.2,18,17.1,16.2,15.3,14.5,13.8,13,12.3,11.7,11,10.4,9.8,9.2,8.8,8.2,7.7,7.2,6.8,6.4,6.1,5.8
Australia,,,,,,,,,,,,,,,,,,,,,,,,,,,,,,,,,,,,,,,,,,,,,,,,,,,,,,,,,,,,,,,,,,,,,,,111,104,118,114,125,139,119,127,131,115,117,116,135,121,125,128,126,116,116,132,107,115,106,116,104,101,114,105,128,116,100,104,107,111,82,82,83,81,78,72,75,68,72,72,71,68,70,56,59,69,69,66,53,61,57,53,54,55,53,51,47,42,41,39,44,40,41,38,38,38,40,39,36,31,29,29,29,28,28,25,25,24.6,24.1,23.6,23,22.6,22.1,21.6,21.2,20.8,20.3,20,19.5,19.2,18.8,18.6,18.3,18.3,18.2,18.1,17.8,17.4,16.8,16.2,15.3,14.4,13.5,12.7,12,11.3,10.8,10.4,10.1,9.8,9.6,9.3,9.1,8.7,8.4,8,7.6,7.1,6.7,6.3,6,5.7,5.6,5.4,5.3,5.3,5.1,5,5,4.9,4.9,4.8,4.7,4.5,4.4,4.2,4.1,3.8,3.6,3.4,3.2,3
Austria,,,,,,,190,200,194,184,186,189,182,186,201,188,178,180,181,189,184,185,198,183,192,197,195,181,188,175,237,269,243,260,271,248,236,253,240,255,244,251,245,259,230,247,251,,,243,251,242,242,227,273,278,241,239,250,254,237,264,250,259,250,270,278,253,248,242,253,255,270,290,260,243,247,258,252,240,250,250,256,253,247,255,250,244,249,236,259,243,259,232,251,241,230,228,224,219,231,209,216,215,210,231,202,209,199,209,189,207,181,190,172,218,192,186,193,156,,,156,142,128,119,123,125,120,113,104,103,106,94,92,99,93,92,80,73,74,70,74,79,88,162,81,78,76,75,66,61,52,50,48.1,46.6,45.2,43.6,41.7,39.6,37.3,35,32.9,31.2,29.7,28.3,27.3,26.4,25.7,25.3,25,24.7,24.1,23,21.6,19.8,18.1,16.6,15.5,14.6,13.9,13.2,12.6,12,11.3,10.7,10,9.4,8.9,8.4,8,7.6,7.1,6.7,6.2,5.7,5.3,5,4.8,4.7,4.6,4.5,4.4,4.3,4.1,4,4,3.8,3.8,3.7,3.6,3.4,3.3,3.2,3,2.9
Azerbaijan,,,,,,,,,,,,,,,,,,,,,,,,,,,,,,,,,,,,,,,,,,,,,,,,,,,,,,,,,,,,,,,,,,,,,,,,,,,,,,,,,,,,,,,,,,,,,,,,,,,,,,,,,,,,,,,,,,,,,,,,,,,,,,,,,,,,,,,,,,,,,,,,,,,,,,,,,,,,,,,,,,,,,,,,,,,,,,,,,,,,,95,,84.9,83.1,81.5,79.9,78.5,77.3,76.3,75.7,75.5,75.7,76,76.2,76.1,75.2,73.6,71.2,68.1,64.5,60.6,56.8,53.1,49.7,46.7,44,41.5,39.3,37.3,35.5,33.9,32.5,31.2,30,28.9,27.9
Burundi,,,,,,,,,,,,,,,,,,,,,,,,,,,,,,,,,,,,,,,,,,,,,,,,,,,,,,,,,,,,,,,,,,,,,,,,,,,,,,,,,,,,,,,,,,,,,,,,,,,,,,,,,,,,,,,,,,,,,,,,,,,,,,,,,,,,,,,,,,,,,,,,,,,,,,,,,,,,,,,148,145,145,145,145,144,143,144,145,145,146,146,146,146,146,146,146,146,145,143,140,136,131,126,120,115,111,107,105,103,103,103,104,105,105,105,104,103,102,100,97.9,95.7,93.4,91,88.6,85.8,82.9,79.7,76.2,72.7,69.3,66.4,63.8,61.6,59.5,57.6,55.8,54.1
Belgium,,,,,,,,,,,,,,,,,,,,,,,,,,,,,,,,,,,192,167,173,185,190,185,182,152,160,149,138,145,184,156,141,147,141,148,147,145,149,161,148,168,164,165,139,164,150,157,165,189,164,128,142,130,145,173,145,142,137,158,139,131,161,159,187,155,151,154,168,150,178,137,165,160,166,162,169,165,152,172,142,149,160,167,172,143,144,155,152,147,154,133,148,138,135,167,120,130,130,125,116,140,134,99,110,122,114,100,95,100,104,98,94,110,100,89,94,92,92,85,86,83,81,82,93,92,84,75,83,100,75,69,59,57,53,50,45,44.9,42.3,39.8,37.4,35,32.9,31,29.5,28.1,27,26,25,24.1,23.3,22.5,21.9,21.3,20.6,19.7,18.7,17.7,16.7,15.8,14.9,14.1,13.5,12.8,12.2,11.7,11.2,10.7,10.2,9.9,9.5,9.2,8.9,8.6,8.3,8,7.6,7.2,6.8,6.3,5.9,5.5,5.2,4.9,4.8,4.6,4.4,4.2,4.2,4.1,4,3.9,3.8,3.7,3.6,3.5,3.5,3.4,3.4,3.3
Benin,,,,,,,,,,,,,,,,,,,,,,,,,,,,,,,,,,,,,,,,,,,,,,,,,,,,,,,,,,,,,,,,,,,,,,,,,,,,,,,,,,,,,,,,,,,,,,,,,,,,,,,,,,,,,,,,,,,,,,,,,,,,,,,,,,,,,,,,,,,,,,,,,,,,,,,209,207,205,203,201,199,197,195,192,190,187,184,181,177,174,170,167,164,162,159,157,155,153,150,147,144,140,137,134,131,129,127,125,123,121,119,117,115,113,110,108,106,103,101,98.9,97.2,95.6,94.2,92.7,91.1,89.3,87.4,85.2,83,80.8,78.8,76.9,75.2,73.7,72.3,71,69.8,68.5,67.2,65.7,64.2
Burkina Faso,,,,,,,,,,,,,,,,,,,,,,,,,,,,,,,,,,,,,,,,,,,,,,,,,,,,,,,,,,,,,,,,,,,,,,,,,,,,,,,,,,,,,,,,,,,,,,,,,,,,,,,,,,,,,,,,,,,,,,,,,,,,,,,,,,,,,,,,,,,,,,,,,,,,,,,180,178,177,176,174,172,170,168,166,163,161,159,158,156,154,153,152,151,150,150,149,149,147,145,141,137,132,127,123,120,118,116,114,112,111,109,107,105,104,103,103,102,102,102,102,101,101,99.4,98.3,97.3,96.2,95,93.4,91.4,88.9,86,82.7,79.2,75.8,72.5,69.7,67.3,65.4,63.7,62.2,60.9
Bangladesh,,,,,,,,,,,,,,,,,,,,,,,,,,,,,,,,,,,,,,,,,,,,,,,,,,,,,,,,,,,,,,,,,,,,,,,,,,,,,,,,,,,,,,,,,,,,,,,,,,,,,,,,,,,,,,,,,,,,,,,,,,,,,,,,,,,,,,,,,,,,,,,,,,,,,,,,233,225,217,210,204,198,192,186,181,176,172,168,164,160,157,155,153,152,150,150,149,148,147,146,145,144,141,139,137,134,131,128,125,121,118,114,111,107,103,99.7,95.8,92.1,88.3,84.6,81,77.4,74,70.6,67.4,64.4,61.4,58.6,55.9,53.4,50.8,48.4,45.9,43.6,41.3,39.2,37.2,35.3,33.5,32.1,30.7
Bulgaria,,,,,,,,,,,,,,,,,,,,,,,,,,,,,,,,,,,,,,,,,,,,,,,,,,,,,,,,,,,,,,,,,,,,,,,,,,,,,,,,,,,,,,,,,,,,,144,147,142,144,134,147,143,158,132,143,143,154,142,160,154,154,169,171,159,156,133,,,,,,146,110,146,183,155,165,150,152,127,168,149,156,138,156,150,146,131,154,144,150,144,139,136,125,131,130,121,145,125,130,118,116,95,108,98,81,86,82,72,66,52,56,49,,,40.6,39.9,39.4,39,38.4,37.3,35.8,34.1,32.6,31.6,31.1,30.5,29.8,29,28.1,26.8,25.7,24.5,23.4,22.5,21.7,20.7,19.7,18.8,18.2,17.8,17.9,18.4,18.8,19.1,19.2,19.3,19.4,19.5,19.4,19.2,18.6,17.9,17.1,16.3,15.5,14.6,13.6,12.9,12.3,11.8,11.5,11.2,10.9,10.5,10.1,9.7,9.3
Bahrain,,,,,,,,,,,,,,,,,,,,,,,,,,,,,,,,,,,,,,,,,,,,,,,,,,,,,,,,,,,,,,,,,,,,,,,,,,,,,,,,,,,,,,,,,,,,,,,,,,,,,,,,,,,,,,,,,,,,,,,,,,,,,,,,,,,,,,,,,,,,,,,,,,,,,,,,,,,,,188,173,159,146,135,124,114,105,96.6,88.6,81.3,74.5,68.2,62.4,57.2,52.5,48.1,44.2,40.7,37.7,35,32.6,30.4,28.5,26.8,25.3,24,22.8,21.9,21.1,20.5,20.1,19.8,19.7,19.5,19.3,18.7,17.9,16.8,15.5,14.2,13.1,12.1,11.4,10.9,10.5,10.2,9.9,9.6,9.3,9,8.5,8.1,7.6,7.1,6.7,6.3,5.9,5.6,5.3
Bahamas,,,,,,,,,,,,,,,,,,,,,,,,,,,,,,,,,,,,,,,,,,,,,,,,,,,,,,,,,,,,,,,,,,,,,,,,,,,,,,,,,,,,,,,,,,,,,,,,,,,,,,,,,,,,,,,,,,,,,,,,,,,,,,,,,,,,,,,,,,,,,,,,,,,,,,,,,,,,,,,,,51,,,,,,,,25,25.5,26,26.4,26.8,27.2,27.2,27.2,26.9,26.6,26.2,25.7,25.2,24.8,24.3,24,23.7,23.4,22.9,22.2,21.4,20.6,19.7,18.8,18,17.2,16.3,15.6,14.8,14.1,13.6,13.2,13,12.9,12.8,12.7,12.7,12.6,12.5,12.2,11.9,11.7,11.4,11.1,10.9,10.5,10.2,9.9
Bosnia and Herzegovina,,,,,,,,,,,,,,,,,,,,,,,,,,,,,,,,,,,,,,,,,,,,,,,,,,,,,,,,,,,,,,,,,,,,,,,,,,,,,,,,,,,,,,,,,,,,,,,,,,,,,,,,,,,,,,,,,,,,,,,,,,,,,,,,,,,,,,,,,,,,,,,,,,,,,,,,,,,,,,,,,105,,,,,,,,,,60,,,,,,,,,,30.7,28.9,27.2,25.6,26.2,24.1,22.1,20.4,18.8,17.4,16.2,15.1,14.7,14.2,12.9,12.3,11,10.1,9.3,8.6,7.9,7.5,7.2,7,7,7.1,7.2,7.1,7,6.7,6.4,6.2,5.9,5.6,5.4,5.1
Belarus,,,,,,,,,,,,,,,,,,,,,,,,,,,,,,,,,,,,,,,,,,,,,,,,,,,,,,,,,,,,,,,,,,,,,,,,,,,,,,,,,,,,,,,,,,,,,,,,,,,,,,,,,,,,,,,,,,,,,,,,,,,,,,,,,,,,,,,,,,,,,,,,,,,,,,,,,,,,,,,,,,,,,,,,,,,,,,,,,,,,,19.4,18.5,17.7,17,16.5,16,15.4,14.8,14.2,13.8,13.5,13.5,13.6,13.8,14.1,14.4,14.4,14.2,13.6,12.6,11.4,10.3,9.3,8.6,7.9,7.4,6.8,6.2,5.6,5.1,4.7,4.3,4,3.8,3.5,3.4
Belize,,,,,,,,,,,,,,,,,,,,,,,,,,,,,,,,,,,,,,,,,,,,,,,,,,,,,,,,,,,,,,,,,,,,,,,,,,,,,,,,,,,,,,,,,,,,,,,,,,,,,,,,,,,,,,,,,,,,,,,,,,,,,,,,,,,,,,,,,,,,,,,,,,,,,,,,,,,,,,,,,,,,,,,,78.2,75.5,72.8,70.3,67.9,65.4,63.2,61.2,59.2,57.3,55.6,53.8,52.2,50.5,49,47.3,45.6,43.8,41.9,39.9,37.9,35.9,34,32.2,30.4,28.8,27.4,26.1,25.1,24.1,23.3,22.5,21.8,21.1,20.5,19.9,19.4,18.9,18.5,18,17.6,17.2,16.7,16.3,15.9,15.5,15.1,14.6,14.2
Bolivia,,,,,,,,,,,,,,,,,,,,,,,,,,,,,,,,,,,,,,,,,,,,,,,,,,,,,,,,,,,,,,,,,,,,,,,,,,,,,,,,,,,,,,,,,,,,,,,,,,,,,,,,,,,,,,,,,,,,,,,,,,,,,,,,,,,,,,,,,,,,,,,,,,,,,,,,,,,,,,,,,173,171,168,165,162,159,157,154,151,148,144,141,138,135,131,128,125,121,118,115,112,110,107,105,102,99.5,96.8,94,91.2,88.4,85.6,82.9,80.2,77.5,74.8,72.2,69.5,66.8,64.1,61.4,58.8,56.2,53.7,51.2,48.8,46.6,44.4,42.2,40.2,38.4,36.8,35.3,34,32.8,31.7,30.6
Brazil,,,,,,,,,,,,,,,,,,,,,,,,,,,,,,,,,,,,,,,,,,,,,,,,,,,,,,,,,,,,,,,,,,,,,,,,,,,,,,,,,,,,,,,,,,,,,,,,,,,,,,,,,,,,,,,,,,,,,,,,,,,,,,,,,,,,,,,,,,,,,,,,,,,,,,,,,,,,147,144,140,137,133,129,126,123,120,117,115,112,110,107,105,103,100,97.4,94.9,92.3,89.8,87.3,84.7,82,79,75.9,72.7,69.7,66.7,64,61.4,59,56.8,54.8,52.8,50.9,48.9,46.8,44.6,42.2,39.7,37.2,34.8,32.4,30.2,28.1,26.1,24.3,22.5,21,19.5,18.2,17.1,16.2,15.4,14.8,14.4,14.3,14.3,14.4,14.6
Barbados,,,,,,,,,,,,,,,,,,,,,,,,,,,,,,,,,,,,,,,,,,,,,,,,,,,,,,,,,,,,,,,,,,,,,,,,,,,,,,,,,,,,,,,,,,,,,,,,,,,,,,,,,,,420,302,319,252,268,263,416,243,403,193,242,289,205,352,270,401,187,368,298,312,314,201,331,239,231,298,198,235,256,220,198,217,221,194,180,224,175,164,171,149,160,166,154,129,125,136,145,139,138,119,104,91.6,82.2,75.1,69.5,65,61.2,57.6,54.4,51.7,49.2,47.1,45.1,43.1,41.1,39.2,37.3,35.4,33.6,31.8,30,28.3,26.7,25.2,23.8,22.6,21.6,20.8,20.1,19.5,18.8,18.1,17.3,16.7,16,15.4,14.9,14.5,14.1,14,13.9,14,14.2,14.5,14.8,15.1,15.3,15.3,15.3,15.1,14.9,14.5,14.2,13.9,13.6,13.3,13,12.7,12.3,12
Brunei,,,,,,,,,,,,,,,,,,,,,,,,,,,,,,,,,,,,,,,,,,,,,,,,,,,,,,,,,,,,,,,,,,,,,,,,,,,,,,,,,,,,,,,,,,,,,,,,,,,,,,,,,,,,,,,,,,,,,,,,,,,,,,,,,,,,,,,,,,,,,,,,,,,,,,,,,,,,,,,,,63,,,,,,,,,,58,,,,,,,,,,19,,12.5,12.1,11.6,11.2,10.7,10.3,10,9.7,9.4,9.2,9,8.8,8.5,8.3,8.1,7.9,7.8,7.6,7.6,7.5,7.5,7.4,7.4,7.3,7.3,7.3,7.4,7.5,7.7,7.8,8.1,8.3,8.5,8.6
Bhutan,,,,,,,,,,,,,,,,,,,,,,,,,,,,,,,,,,,,,,,,,,,,,,,,,,,,,,,,,,,,,,,,,,,,,,,,,,,,,,,,,,,,,,,,,,,,,,,,,,,,,,,,,,,,,,,,,,,,,,,,,,,,,,,,,,,,,,,,,,,,,,,,,,,,,,,,,,,,,,,,,175,,,,,,,,192,186,181,176,171,166,162,157,152,148,143,139,134,130,126,121,117,113,109,105,101,97.1,93.3,89.6,85.9,82.4,78.8,75.3,71.8,68.4,65.2,62,59,56.1,53.3,50.6,47.9,45.3,42.8,40.4,38.2,36.1,34.1,32.3,30.8,29.5,28.3,27.2
Botswana,,,,,,,,,,,,,,,,,,,,,,,,,,,,,,,,,,,,,,,,,,,,,,,,,,,,,,,,,,,,,,,,,,,,,,,,,,,,,,,,,,,,,,,,,,,,,,,,,,,,,,,,,,,,,,,,,,,,,,,,,,,,,,,,,,,,,,,,,,,,,,,,,,,,,,,,,,,139,135,130,126,123,119,116,112,109,106,103,99.8,97,94.1,91.2,88.3,85.3,82.2,79.1,75.9,72.7,69.5,66.3,63.2,60.2,57.4,54.7,52.3,50,47.9,46,44.4,43,42,41.4,41.3,41.8,42.9,44.2,45.7,47.3,48.9,50.2,51.3,52,53.1,52.4,51.4,50.3,49.8,49.1,44.8,43.8,45.5,45.3,42.3,39.8,39.9,38.2,36.4,35.6,34.8
Central African Republic,,,,,,,,,,,,,,,,,,,,,,,,,,,,,,,,,,,,,,,,,,,,,,,,,,,,,,,,,,,,,,,,,,,,,,,,,,,,,,,,,,,,,,,,,,,,,,,,,,,,,,,,,,,,,,,,,,,,,,,,,,,,,,,,,,,,,,,,,,,,,,,,,,,,,,,,,,,,,,,,154,166,163,160,158,155,152,149,146,143,140,137,135,132,130,128,126,124,123,121,120,118,117,117,116,116,116,116,116,115,115,115,115,115,115,115,115,115,115,115,114,114,113,112,111,110,109,108,107,106,104,102,99.7,97.7,96.1,93.5,91.5
Canada,,,,,,,,,,,,,,,,,,,,,,,,,,,,,,,,,,,,,,,,,,,,,,,,,,,,,,,,,,,,,,,,,,,,,,,,,,,,,,,,,,,,,,,,,,,,,,,,,,,,,187,167,136,134,110,,130,,209,139,174,185,161,168,161,153,165,136,138,142,163,102,102,103,94,93,102,95,90,93,91,86,75,74,73,72,68,77,64,61,58,61,55,55,56,52,48,46,44,43,41.2,39.2,37.2,35.5,33.9,32.6,31.5,30.5,29.6,28.7,27.8,27,26,25.1,24,23.1,22.1,21.2,20.2,19.4,18.5,17.7,16.7,15.9,15,14.2,13.3,12.5,11.8,11,10.3,9.7,9.2,8.7,8.3,8,7.7,7.5,7.2,7.1,6.8,6.6,6.4,6.1,6,5.7,5.6,5.4,5.4,5.3,5.2,5.3,5.3,5.2,5.2,5.3,5.2,5.1,5,5,4.9,4.7,4.7,4.6,4.4,4.3
Switzerland,,,,,,,,,,,,,,,,,,,,,,,,,,,,,,,,,,,,,,,,,,,,,,,,,,,,,,,,,,,,,,,,,,,,,,,,222,183,200,189,197,197,191,191,181,180,187,172,164,161,173,164,162,153,159,157,163,150,152,153,159,132,141,155,136,150,137,132,133,140,129,127,121,108,115,105,123,94,96,93,90,78,79,88,82,84,74,70,61,62,58,57,57,54,52,51,49,51,48,46,48,47,47,43,43,46,41,38,40,42,41,39,39,36,34,31.3,30.2,29.1,28.1,27,25.8,24.7,23.6,22.8,22.1,21.6,21.2,20.7,20.1,19.3,18.4,17.6,16.9,16.2,15.6,15,14.3,13.6,12.8,12,11.2,10.4,9.8,9.2,8.7,8.4,8.1,7.8,7.6,7.4,7.3,7.2,7.1,7,6.8,6.7,6.4,6.1,5.8,5.5,5.2,5,4.9,4.8,4.7,4.6,4.7,4.6,4.4,4.4,4.3,4.2,4.1,4,3.9,3.9,3.8,3.7,3.6,3.5,3.4
Czechoslovakia,,,,,,,,,,,,,,,,,,,,,,,,,,,,,,,,,,,,,,,,,,,,,,,,,,,,,,,,,,,,,,,,,,,,,,,,,,,,,,,,,,,,,,,,,,,,,,,,,,,,,,,,,,,,,,,,,,,,,,,,142,178,173,166,145,148,145,154,157,146,142,137,134,137,127,128,123,124,122,121,98,99,100,111,109,109,137,109,89,84,83,78,73,56,45,38,34,31,34,30,26,24,23,23,22,21,26,24,23,22,23,22,22,22,21,20,21,21,20,19,18,18,17,16,16,15,14,14,13,12,11,11,12,10,,,,,,,,,,,,,,,,,,,,,,,
Chile,,,,,,,,,,,,,,,,,,,,,,,,,,,,,,,,,,,,,,,,,,,,,,,,,,,,,,,,,,,,,,,,,,,,,,,,,,,,,,,,,,,,,,,,,,,,,,,,,,,,,,340,270,264,286,249,327,298,318,315,267,333,287,286,255,254,241,269,255,306,263,278,240,283,266,258,251,226,212,224,234,232,235,258,262,251,252,241,236,225,217,200,195,194,181,184,160,161,147,155,148,143,138,134,129,125,121,117,113,136,128,121,117,112,105,96.5,87.4,79,72.7,69.1,67.6,66.7,65.7,63.7,60.4,55.3,48.8,41.7,35.6,31.4,28.2,25.6,22.9,20.8,19.5,18.9,18.6,18.4,18,17.1,16,14.8,13.7,12.7,11.7,11,10.5,10.2,10.1,9.6,9.2,8.7,8.3,8,7.9,7.7,7.6,7.6,7.6,7.5,7.6,7.5,7.4,7.3,7.2,7
China,,,,,,,,,,,,,,,,,,,,,,,,,,,,,,,,,,,,,,,,,,,,,,,,,,,,,,,,,,,,,,,,,,,,,,,,,,,,,,,,,,,,,,,,,,,,,,,,,,,,,,,,,,,,,,,,,,,,,,,,,,,,,,,,,,,,,,,,,,,,,,,,,,,,,,,195,,,,,179,,,145,165,190,161,110,,,81,,,,84.1,80.4,76.8,73.3,69.7,66.2,62.6,59.1,55.8,52.9,50.2,48,46.1,44.6,43.4,42.6,42.2,42,42,42.2,42.2,42.1,41.8,41.2,40.2,39,37.7,36.4,35,33.5,31.9,30.2,28.3,26.2,24.2,22.2,20.3,18.7,17.2,15.8,14.6,13.5,12.5,11.5,10.6,9.8,9.2
Cote d'Ivoire,,,,,,,,,,,,,,,,,,,,,,,,,,,,,,,,,,,,,,,,,,,,,,,,,,,,,,,,,,,,,,,,,,,,,,,,,,,,,,,,,,,,,,,,,,,,,,,,,,,,,,,,,,,,,,,,,,,,,,,,,,,,,,,,,,,,,,,,,,,,,,,,,,,,,,,,,,,,,235,226,220,214,208,203,198,193,188,183,179,174,170,165,161,156,151,146,141,135,130,125,120,117,114,111,110,108,107,106,106,105,105,105,105,105,105,105,105,104,104,103,102,101,99.5,97.7,95.7,93.6,91.4,88.9,86.7,84.1,81.3,79,76.9,75,72.8,70.6,68.5,66.6
Cameroon,,,,,,,,,,,,,,,,,,,,,,,,,,,,,,,,,,,,,,,,,,,,,,,,,,,,,,,,,,,,,,,,,,,,,,,,,,,,,,,,,,,,,,,,,,,,,,,,,,,,,,,,,,,,,,,,,,,,,,,,,,,,,,,,,,,,,,,,,,,,,,,,,,,,,,,,,,,207,200,192,185,178,172,167,163,161,158,156,152,148,143,137,132,126,122,118,116,115,114,114,114,113,111,109,106,103,99.5,95.8,92.4,89.4,87.2,85.8,85.2,85.6,86.7,88.2,89.9,91.5,93,94.1,94.7,94.7,93.8,91.9,89.3,86.2,83.1,80.3,77.8,75.3,73.1,70.8,68.8,66.2,64.4,62.4,60.4,58.6,57.1
"Congo, Dem. Rep.",,,,,,,,,,,,,,,,,,,,,,,,,,,,,,,,,,,,,,,,,,,,,,,,,,,,,,,,,,,,,,,,,,,,,,,,,,,,,,,,,,,,,,,,,,,,,,,,,,,,,,,,,,,,,,,,,,,,,,,,,,,,,,,,,,,,,,,,,,,,,,,,,,,,,,,,,,,,,,,,,174,,,,,,,,,151,149,148,146,144,143,141,139,137,135,134,132,131,129,128,126,125,124,123,122,121,120,119,118,117,116,115,114,113,111,109,107,105,103,101,98.7,96.3,93.9,91.5,89.2,86.9,84.8,82.6,80.5,78.3,76.5,74.5
"Congo, Rep.",,,,,,,,,,,,,,,,,,,,,,,,,,,,,,,,,,,,,,,,,,,,,,,,,,,,,,,,,,,,,,,,,,,,,,,,,,,,,,,,,,,,,,,,,,,,,,,,,,,,,,,,,,,,,,,,,,,,,,,,,,,,,,,,,,,,,,,,,,,,,,,,,,,,,,,,,,,,,,,115,113,111,108,106,104,102,99.7,97.3,94.9,92.7,90.6,88.5,86.5,84.4,82.5,80.9,79.2,77.6,76,74.4,72.8,71.2,69.6,68,66.3,64.6,63.1,61.8,60.9,60.4,60.4,60.9,61.8,63,64.6,66.6,68.8,71.2,73.5,75.3,76.5,76.6,75.5,73.3,70,66.1,61.8,57.4,53.1,49,45.3,42.2,39.6,37.6,35.9,34.4,33.2
Cook Is,,,,,,,,,,,,,,,,,,,,,,,,,,,,,,,,,,,,,,,,,,,,,,,,,,,,,,,,,,,,,,,,,,,,,,,,,,,,,,,,,,,,,,,,,,,,,,,,,,,,,,,,,,,,,,,,,,,,,,,,,,,,,,,,,,,,,,,,,,,,,,,,,,,,,,,,130,124,118,112,106,101,95.4,90,84.8,79.7,74.8,70,65.5,61.2,57.3,53.5,49.9,46.6,43.5,40.6,38.1,35.9,34.1,32.5,31.2,30.1,29.2,28.3,27.4,26.6,25.8,25.1,24.3,23.6,22.9,22.3,21.8,21.3,20.9,20.6,20.3,20,19.7,19.2,18.6,17.8,16.9,16,15.2,14.4,13.7,13.1,12.4,11.8,11.2,10.5,9.9,9.4,8.9,8.4,8.1,7.8,7.5,7.2,6.9
Colombia,,,,,,,,,,,,,,,,,,,,,,,,,,,,,,,,,,,,,,,,,,,,,,,,,,,,,,,,,,,,,,,,,,,,,,,,,,,,,,,,,,,,,,,,,,,,,,,,,,,,,,,,,,,,,,,,,,,,,,,,,,,,,142,122,148,144,129,123,106,125,,143,117,156,153,150,156,162,142,150,154,157,155,151,150,140,136,134,124,120,111,120,103,104,104,100,104,91,89.3,87.6,85.9,84.3,82.6,80.9,79,77.1,74.9,72.7,70.4,68.1,65.9,63.5,61,58.4,55.6,52.8,50,47.2,44.6,42,39.7,37.6,35.7,34.1,32.7,31.5,30.5,29.7,28.9,28.2,27.4,26.6,25.8,25,24.2,23.4,22.6,21.9,21.2,20.6,20,19.4,18.9,18.4,17.8,17.3,16.9,16.4,15.9,15.4,14.9,14.5,14.1,13.6
Comoros,,,,,,,,,,,,,,,,,,,,,,,,,,,,,,,,,,,,,,,,,,,,,,,,,,,,,,,,,,,,,,,,,,,,,,,,,,,,,,,,,,,,,,,,,,,,,,,,,,,,,,,,,,,,,,,,,,,,,,,,,,,,,,,,,,,,,,,,,,,,,,,,,,,,,,,,,,,,,,,,,200,,,,,,,,,,152,148,145,142,139,136,133,130,126,123,119,115,112,108,105,102,98.7,95.8,93,90.4,87.9,85.4,82.9,80.6,78.7,76.9,75.6,74.5,73.7,73.1,72.7,72.5,72.5,72.2,71.6,70.5,69.2,67.9,66.4,64.6,63.1,61.3,59.8,58.2,56.6,55.1
Cape Verde,,,,,,,,,,,,,,,,,,,,,,,,,,,,,,,,,,,,,,,,,,,,,,,,,,,,,,,,,,,,,,,,,,,,,,,,,,,,,,,,,,,,,,,,,,,,,,,,,,,,,,,,,,,,,,,,,,,,,,,,,,,,,,,,,,,,,,,,,,,,,,,,,,,,,,,,,,,,,,,,,,,,,,,,,,121,112,104,96.5,89.6,83.4,78,73.3,69.5,66.4,64.1,62.6,61.6,60.9,60.3,59.4,58,56.2,54,51.8,49.7,48.2,47,46.3,45.8,45.1,43.7,41.6,38.8,35.5,32.1,29.1,26.7,24.9,23.8,23.3,23.2,23.4,23.6,23.6,23.6,23.3,22.9,22.4,21.9,21.3,20.7
Costa Rica,,,,,,,,,,,,,,,,,,,,,,,,,,,,,,,,,,,,,,,,,,,,,,,,,,,,,,,,,,,,,,,,,,,,,,,,,,,,,,,,,,,,,,,,,,,,,,,,,,,,,,,,,,,,,,,,,,,,,,,,,,,,,,,,,,,,,,,,,,,,,,,,,,,,,,,,,,,,104,99.9,96.4,93,89.7,86.5,83.6,80.6,77.8,75.1,68.8,66.3,64.6,63.5,62.7,61.2,57.8,52.5,47,42.3,38,33.2,28.1,23.9,21.3,19.8,19.3,19.2,19.1,18.8,18.2,17.3,16.3,15.5,14.8,14.3,14,13.7,13.5,13.2,13,12.8,12.7,12.3,11.8,11.2,10.5,10,9.5,9.2,9,8.9,8.9,8.9,8.9,8.9,8.8,8.8,8.7,8.6,8.5
Cuba,,,,,,,,,,,,,,,,,,,,,,,,,,,,,,,,,,,,,,,,,,,,,,,,,,,,,,,,,,,,,,,,,,,,,,,,,,,,,,,,,,,,,,,,,,,,,,,,,,,,,,,,,,,,,,,,,,,,,,,,,,,,,,,,,,,,,113,132,100,127,106,87,83,,,,,71,58,69,41,42,39,38,35,39,38,38,33,36,34,37,,32,37,,,41.8,40.4,39.5,39.2,39.3,39.5,39,37.4,34.5,30.9,27.8,26,24.7,23.1,20.8,18.7,17.4,16.7,16.5,16.3,16.1,15.7,15,14.1,13.3,12.2,11.4,10.6,9.8,9.3,8.8,8.6,8.4,8.2,7.8,7.3,6.9,6.5,6.1,5.9,5.6,5.4,5.1,4.9,4.8,4.7,4.7,4.9,4.8,4.6,4.4,4.1,4
Cyprus,,,,,,,,,,,,,,,,,,,,,,,,,,,,,,,,,,,,,,,,,,,,,,,,,,,,,,,,,,,,,,,,,,,,,,,,,,,,,,,,,,,,,,,,,,,,,,,,,,,,,,,,,,,,,,,,,,,,,,,,,,,,,,,,,,,,,,,,,,,,,,,,,,,,,,,,,,,,,,,,,30,,,,,,,,,,29,,,,,,,,,21,19.4,17.8,16.3,14.8,13.5,12.2,11.3,10.7,10.3,10,9.9,9.7,9.3,8.9,8.4,7.8,7.4,6.9,6.4,5.9,5.5,5.1,4.7,4.4,4.2,3.9,3.7,3.5,3.3,3.1,3,2.9,2.8,2.7,2.6,2.5
Czech Republic,,,,,,,,,,,,,,,,,,,,,,,,,,,,,,,,,,,,,,,,,,,,,,,,,,,,,,,,,,,,,,,,,,,,,,,,,,,,,,,,,,,,,,,,,,,,,,,,,,,,,,,,,,,,,,,,,,,,,,,,,,,,,,,,,,,,,,,,,,,,,,,,,,,,,,,,,,,,,,,,,22,,,,,,,,,,21,,,,,,,,,,17,16.4,16,15.6,15.4,15.1,14.7,14.3,13.7,13.3,12.7,12.2,11.5,10.7,9.7,8.8,7.9,7.2,6.5,6,5.6,5.3,5.1,4.8,4.6,4.4,4.2,3.9,3.8,3.6,3.4,3.2,3.2,3,2.9,2.8
Germany,,,,,,,,,,,,,,,,,,,,,,,,,,,,,,,,,,,,,292,302,297,285,299,300,318,287,287,289,318,286,312,285,297,287,298,285,291,285,253,307,289,324,260,,,298,297,332,301,312,307,293,298,330,301,307,297,242,228,225,226,218,240,224,228,232,235,226,235,217,218,226,226,219,230,224,219,230,208,222,210,216,229,207,183,204,196,205,185,176,178,170,162,192,147,151,164,148,140,149,158,145,131,134,130,131,108,105,102,97,89,97,85,83,79,77,66,99,66,64,60,72,64,,,,,,,,,,,,,,,,,,,,34,,,,,,,,23.5,22.7,22.1,21.4,20.6,19.7,18.8,17.7,16.5,15.5,14.4,13.5,12.6,11.8,11,10.4,9.8,9.2,8.7,8.3,7.8,7.4,7,6.5,6.2,5.9,5.5,5.3,5,4.8,4.6,4.5,4.4,4.3,4.2,4.1,4,3.9,3.8,3.7,3.6,3.6,3.5,3.4,3.3,3.3,3.2,3.1
East Germany,,,,,,,,,,,,,,,,,,,,,,,,,,,,,,,,,,,,,,,,,,,,,,,,,,,,,,,,,,,,,,,,,,,,,,,,,,,,,,,,,,,,,,,,,,,,,,,,,,,,,,,,,,,,,,,,,,,,,,,,,,,,,,,,,,,,,,,,,,,,,,,,,,,131,114,89,78,72,64,59,54,50,49,47,46,44,41,39,34,32,31,29,25,23,21,20,20,19,18,18,16,16,16,14,13,13,13,12,12,11,11,10,10,9,9,8,8,,,,,,,,,,,,,,,,,,,,,,,,,,
West Germany,,,,,,,,,,,,,,,,,,,,,,,,,,,,,,,,,,,,,,,,,,,,,,,,,,,,,,,,,,,,,,,,,,,,,,,,,,,,,,,,,,,,,,,,,,,,,,,,,,,,,,,,,,,,,,,,,,,,,,,,,,,,,,,,,,,,,,,,,,,,,,,,,,,97,86,69,60,55,53,48,47,44,42,39,37,36,34,34,32,29,27,25,24,24,23,23,23,23,23,22,23,21,20,17,16,15,14,13,12,11,10,10,9,9,8,8,8,,,,,,,,,,,,,,,,,,,,,,,,,,
Djibouti,,,,,,,,,,,,,,,,,,,,,,,,,,,,,,,,,,,,,,,,,,,,,,,,,,,,,,,,,,,,,,,,,,,,,,,,,,,,,,,,,,,,,,,,,,,,,,,,,,,,,,,,,,,,,,,,,,,,,,,,,,,,,,,,,,,,,,,,,,,,,,,,,,,,,,,,,,,,,,,,,,,,,,,,,,,,,,,,,131,128,124,121,118,115,112,109,107,104,101,98.9,96.6,94.5,92.7,91,89.6,88.3,87.2,86.2,85.1,83.9,82.6,81.2,79.7,78.1,76.4,74.6,72.9,71.1,69.4,67.5,65.7,63.9,62.2,60.5,58.9,57.4,55.8,54.2
Dominica,,,,,,,,,,,,,,,,,,,,,,,,,,,,,,,,,,,,,,,,,,,,,,,,,,,,,,,,,,,,,,,,,,,,,,,,,,,,,,,,,,,,,,,,,,,,,,,,,,,,,,,,,,,,,,,,,,,,,,,,,,,,,,,,,,,,,,,,,,,,,,,,,,,,,,,,,,,,,,,,,85.3,79.2,73.6,68.7,64.2,60.4,57,53.9,51.1,48.1,44.7,41,37,32.9,29,25.5,22.4,19.9,17.9,16.4,15.3,14.5,14.1,13.8,13.7,13.7,13.8,13.9,14,14.1,14.2,14.3,14.3,14.3,14.2,14.1,14,13.8,13.7,13.5,13.4,13.4,13.4,13.4,13.7,14,14.4,14.9,15.5,16.3,17.2,17.9,18.7,19.3,19.5,19.6
Denmark,,,,,,,,,,,,,,,,,,,,,,,,,,,,,,,,,,,,152,162,142,127,147,141,142,142,129,131,139,171,153,145,145,127,135,137,153,121,126,122,148,142,133,136,126,131,125,155,145,126,134,145,125,131,129,131,126,145,154,144,130,138,131,151,121,151,138,137,128,136,131,139,141,133,134,140,149,134,137,126,129,123,154,128,136,114,114,113,120,111,108,124,99,101,105,94,92,99,93,101,99,76,91,91,77,82,85,84,80,84,84,81,83,82,81,72,68,64,71,67,66,59,58,50,55,47,45,48,48,46,40,35,34,29.2,28.6,27.9,27,26.1,25,24,23.1,22.3,21.7,21.3,20.8,20.2,19.5,18.7,17.8,17,16.1,15.2,14.6,13.9,13.3,12.5,11.6,10.9,10.3,9.7,9.2,8.8,8.6,8.3,8,8,8,8,8,8,8,7.9,7.7,7.3,6.9,6.5,6.1,5.7,5.4,5.1,5,4.8,4.7,4.6,4.5,4.5,4.4,4.2,4.1,3.9,3.7,3.6,3.5,3.3,3.2,3.2,3.1,3,2.9
Dominican Republic,,,,,,,,,,,,,,,,,,,,,,,,,,,,,,,,,,,,,,,,,,,,,,,,,,,,,,,,,,,,,,,,,,,,,,,,,,,,,,,,,,,,,,,,,,,,,,,,,,,,,,,,,,,,,,,,,,,,,,,,,,,,,,,,,,,,,,,,,,,,,,,,,,,,,,,107,107,107,106,106,106,105,105,104,103,102,101,99.6,98.1,96.4,94.6,92.8,91.1,89.3,87.5,85.7,83.7,81.6,79.4,77.2,74.9,72.6,70.3,68.2,66.1,64,62,60,58.2,56.4,54.6,52.9,51.3,49.6,48.1,46.5,44.9,43.3,41.8,40.3,38.9,37.6,36.4,35.2,34.2,33.3,32.5,31.8,31.2,30.6,30.1,29.6,29.1,28.7,28.3,27.9,27.5,27.1,26.7,26.2,25.7
Algeria,,,,,,,,,,,,,,,,,,,,,,,,,,,,,,,,,,,,,,,,,,,,,,,,,,,,,,,,,,,,,,,,,,,,,,,,,,,,,,,,,,,,,,,,,,,,,,,,,,,,,,,,,,,,,,,,,,,,,,,,,,,,,,,,,,,,,,,,,,,,,,,,,,,,,,,,,,,150,150,150,149,149,148,148,148,148,148,149,149,149,149,149,148,146,144,141,137,133,129,124,119,114,108,101,93.4,84.6,75,65.5,57.2,50.9,46.3,43.1,41,39.7,38.8,38.1,37.5,36.9,36.3,35.7,35.1,34.7,34.4,33.9,33.3,32.4,31.3,30.1,28.8,27.6,26.4,25.3,24.3,23.5,22.8,22.4,22.1,22,21.9
Ecuador,,,,,,,,,,,,,,,,,,,,,,,,,,,,,,,,,,,,,,,,,,,,,,,,,,,,,,,,,,,,,,,,,,,,,,,,,,,,,,,,,,,,,,,,,,,,,,,,,,,,,,,,,,,,,,,,,,,,,,,,,,,,,,,,,,,,,,,,,,,,,,,,,,,,,,,,,,144,140,139,136,132,128,125,121,118,115,112,110,107,105,102,100,98.2,96,93.7,91.2,88.4,85.5,82.5,79.5,76.5,73.6,70.9,68.1,65.3,62.5,59.7,57.1,54.6,52.3,50.1,48.1,46.1,44.2,42.3,40.5,38.7,36.9,35.2,33.6,32.1,30.7,29.5,28.4,27.4,26.5,25.7,25,24.3,23.7,23.1,22.5,21.9,21.3,20.7,20.1,19.5,19,18.4
Egypt,,,,,,,,,,,,,,,,,,,,,,,,,,,,,,,,,,,,,,,,,,,,,,,,,,,,,,,,,,,,,,,,,,,,,,,,,,,,,,,,,,,,,,,,,,,,,,,,,,,,,,,,,,,,,,,,,,,,,,,,,,,,,,,,,,,,,,,,,,,,,,,,,,,,,,,,,,,238,243,237,230,223,216,210,203,196,189,183,178,174,170,167,164,162,160,157,153,149,144,138,132,126,120,114,109,103,96.3,90,83.9,78.4,73.5,69.4,66,63,60.3,57.6,55,52.2,49.4,46.6,44,41.4,39.1,37,35.1,33.4,31.9,30.5,29.2,28.1,27.1,26.1,25.1,24.3,23.4,22.6,21.8,21,20.3
Eritrea,,,,,,,,,,,,,,,,,,,,,,,,,,,,,,,,,,,,,,,,,,,,,,,,,,,,,,,,,,,,,,,,,,,,,,,,,,,,,,,,,,,,,,,,,,,,,,,,,,,,,,,,,,,,,,,,,,,,,,,,,,,,,,,,,,,,,,,,,,,,,,,,,,,,,,,,,,,,,,,,,,,,,,,,,,129,127,126,125,124,126,124,122,120,118,116,114,113,111,110,108,106,104,102,99.1,96.2,93,89.5,85.8,81.9,78,74.2,70.6,67.2,64.1,61.1,58.3,55.8,53.4,51.2,49.2,47.2,45.4,43.7,42.1,40.7,39.4,38.2,37,36,35,34.1
Spain,,,,,,,,,,,,,,,,,,,,,,,,,,,,,,,,,,,,,,,,,,,,,,,,,,,,,,,,,,,175,191,174,168,175,190,200,201,185,188,212,196,203,,,,,,,,196,191,190,189,192,204,186,192,175,199,184,,,,,,,,,,,,204,185,180,162,173,161,174,158,160,154,149,162,138,155,152,152,147,155,183,156,114,147,142,148,140,137,128,127,126,123,117,117,112,112,113,109,109,130,120,135,109,143,103,99,93,85,87,71,64,69,90.5,80.7,73,67.4,64,61.9,60,57.4,54.5,51.1,47.7,44.4,41.7,39.3,37.3,35.6,33.9,32.1,30.1,27.8,25.5,24,22.6,21.3,20,20.4,20.4,19.7,18.4,16.8,15.3,14.1,13.2,12.6,12,11.4,10.9,10.4,10.1,9.7,9.3,8.8,8.5,8,7.5,6.9,6.4,6.1,5.8,5.6,5.4,5.3,5.2,5.1,5,4.8,4.6,4.4,4.2,4.1,3.9,3.8,3.7,3.7,3.6,3.5
Estonia,,,,,,,,,,,,,,,,,,,,,,,,,,,,,,,,,,,,,,,,,,,,,,,,,,,,,,,,,,,,,,,,,,,,,,,,,,,,,,,,,,,,,,,,,,,,,,,,,,,,,,,,,,,,,,,,,,,,,,,,,,,,,,,,,,,,,,,,,,,,,,,,,,,,,,,,,,,,,,,,,40,,,,,,,,,,21,,,,,,,,,,22.4,21.6,20.9,20.2,19.6,19,18.5,18,17.6,17.1,16.5,15.9,15.2,14.5,13.6,12.8,12,11.1,10.3,9.6,8.8,8.2,7.5,6.9,6.3,5.8,5.3,4.8,4.4,4,3.6,3.2,2.9,2.7,2.5,2.3
Ethiopia,,,,,,,,,,,,,,,,,,,,,,,,,,,,,,,,,,,,,,,,,,,,,,,,,,,,,,,,,,,,,,,,,,,,,,,,,,,,,,,,,,,,,,,,,,,,,,,,,,,,,,,,,,,,,,,,,,,,,,,,,,,,,,,,,,,,,,,,,,,,,,,,,,,,,,,,,,,,,,,,,162,,,,,,143,143,142,143,143,143,143,142,142,143,143,143,144,144,143,141,140,137,135,132,130,128,126,124,122,119,116,113,109,106,102,98.7,95.6,92.6,89.5,86.2,82.5,78.4,74.1,69.6,65.3,61,57.1,53.6,50.8,48.3,46.2,44.5,42.9,41.4
Finland,,,,,,,,,,,,,,,,,,,,,,,,,,,,,,,,,,,,,,,,,,,,,,,,,,,,,,,,,,,,,,,,,,,218,223,392,141,137,141,173,184,181,171,163,161,190,138,167,186,164,149,148,162,157,132,144,142,142,145,169,143,140,129,143,133,128,137,153,145,129,127,120,135,119,112,125,111,118,114,109,113,104,115,110,118,116,134,96,95,99,92,107,85,86,97,84,98,75,75,71,76,73,67,66,69,68,70,88,59,67,50,69,63,56,59,52,48,44,34.2,33,31.7,30.4,29.1,27.8,26.4,24.8,23.4,21.9,20.6,19.5,18.4,17.4,16.6,15.8,15.1,14.4,13.9,13.2,12.6,12,11.3,10.8,10,9.4,8.7,8.1,7.6,7.2,6.7,6.5,6.3,6.1,6,6,5.9,5.8,5.7,5.5,5.3,5,4.8,4.5,4.3,4,3.9,3.8,3.6,3.5,3.4,3.4,3.3,3.2,3.1,2.9,2.9,2.7,2.6,2.5,2.4,2.2,2.1,2,1.9
Fiji,,,,,,,,,,,,,,,,,,,,,,,,,,,,,,,,,,,,,,,,,,,,,,,,,,,,,,,,,,,,,,,,,,,,,,,,,,,,,,,,,,,,,,,,,,,,,,,,,,,,,,,,,,,,,,,,,,,,,,,,,,,,,,,,,,,,,,,,,,,,,,,,,,,,,,,94.6,88.4,82.7,77.5,72.8,68.6,65,61.6,58.7,56.2,54,52.1,50.3,48.8,47.5,46.3,45.3,44.5,43.9,43.5,43.1,42.9,42.7,42.4,42,41.4,40.6,39.5,38.2,36.8,35.3,33.8,32.4,31.2,30.1,29.1,28.2,27.3,26.4,25.6,24.8,24.1,23.5,22.9,22.4,22.1,21.8,21.5,21.2,21,20.8,20.5,20.3,20.1,20.1,20.1,20.2,20.3,20.3,20.3,20.3,20.1,20,19.7,19.4,19.1
France,,,,,,,,,,,,,,,,,,,,,,,,,,,,,,,182,175,182,175,209,175,168,169,170,160,162,158,167,157,154,144,171,159,160,173,146,163,162,149,179,175,170,185,177,215,150,190,163,180,173,191,162,171,191,177,201,228,159,178,159,170,166,157,169,158,179,166,165,165,177,161,173,160,164,155,174,162,181,174,157,177,149,152,168,163,160,143,135,136,144,135,144,130,128,117,111,155,105,112,111,123,117,129,146,125,123,121,90,102,90,95,102,88,97,100,84,80,82,78,74,72,72,70,70,68,91,75,77,81,82,114,78,71,56,60,47.6,44.5,41.4,38.5,35.9,33.4,31.1,28.9,26.9,25.2,23.7,22.4,21.3,20.3,19.4,18.5,17.7,17.1,16.5,15.8,15.1,14.4,13.7,13.1,12.7,12.4,12,11.5,11,10.6,10.2,9.8,9.5,9.1,8.8,8.5,8.2,8.1,7.9,7.7,7.4,7.1,6.7,6.3,5.8,5.3,5,4.8,4.6,4.5,4.4,4.4,4.2,4,3.9,3.8,3.7,3.6,3.5,3.5,3.5,3.5,3.5,3.6,3.6,3.5
"Micronesia, Fed. Sts.",,,,,,,,,,,,,,,,,,,,,,,,,,,,,,,,,,,,,,,,,,,,,,,,,,,,,,,,,,,,,,,,,,,,,,,,,,,,,,,,,,,,,,,,,,,,,,,,,,,,,,,,,,,,,,,,,,,,,,,,,,,,,,,,,,,,,,,,,,,,,,,,,,,,,,,,,,,,,,,,,,,,,,,,,,,,,,,,,,,,,50,44.4,45,45.4,45.7,45.6,45.4,45,44.4,43.9,43.4,43.1,43,43,43.1,43.3,43.5,43.6,43.3,42.9,42.2,41.5,40.6,39.6,38.6,37.7,36.6,35.7,34.7,33.8,32.9,32,31.1,30.2,29.4,28.6
Gabon,,,,,,,,,,,,,,,,,,,,,,,,,,,,,,,,,,,,,,,,,,,,,,,,,,,,,,,,,,,,,,,,,,,,,,,,,,,,,,,,,,,,,,,,,,,,,,,,,,,,,,,,,,,,,,,,,,,,,,,,,,,,,,,,,,,,,,,,,,,,,,,,,,,,,,,,,,,,,,,,,,,,,,,,,,,,,,,,,,,79,76.6,74.2,71.9,69.8,67.9,66.2,64.7,63.5,62.5,61.7,61.1,60.5,60,59.6,59.1,58.6,58.2,57.8,57.3,56.8,56.3,55.6,54.7,53.7,52.6,51.4,50.2,49,47.4,45.7,44.2,42.8,41.3,39.7,38,37,36.1
UK,,,,,,,,,,,,,,,,,,,,,,,,,,,,,,,,,,,,,,,,,,,,,,,,,,,,,,,,,,,,,,,,,,,,,,,,,,,,,,,,,,,,,,,,,,,,,,,,,,,,,,,,,,,,,,,,,,,,,,,,,,,,,,,,,,,,,,,,,,,,,,,,,,,,,,31.8,31.6,30.3,29,27.7,26.6,25.5,24.7,24.1,23.6,23.3,22.9,22.5,22,21.4,20.8,20.1,19.6,19.1,18.7,18.4,18,17.7,17.2,16.6,16,15.4,14.7,14.1,13.4,12.7,12,11.4,10.8,10.4,10,9.7,9.5,9.2,8.8,8.4,7.9,7.4,7,6.6,6.3,6.1,5.9,5.8,5.8,5.7,5.6,5.4,5.3,5.3,5.2,5.1,5,4.9,4.7,4.6,4.4,4.2,4.1,3.9,3.7,3.5
Georgia,,,,,,,,,,,,,,,,,,,,,,,,,,,,,,,,,,,,,,,,,,,,,,,,,,,,,,,,,,,,,,,,,,,,,,,,,,,,,,,,,,,,,,,,,,,,,,,,,,,,,,,,,,,,,,,,,,,,,,,,,,,,,,,,,,,,,,,,,,,,,,,,,,,,,,,,,,,,,,,,,,,,,,,,,,,,,,,,56.6,55,53.5,52,50.5,49,47.6,46.3,45.1,44.1,43.2,42.5,41.9,41.5,41.1,40.8,40.4,40,39.5,38.9,38.1,37.1,35.9,34.5,32.9,31.2,29.3,27.4,25.5,23.6,21.9,20.2,18.6,17.2,16,14.9,13.8,12.8,12,11.3,10.6
Ghana,,,,,,,,,,,,,,,,,,,,,,,,,,,,,,,,,,,,,,,,,,,,,,,,,,,,,,,,,,,,,,,,,,,,,,,,,,,,,,,,,,,,,,,,,,,,,,,,,,,,,,,,,,,,,,,,,,,,,,,,,,,,,,,,,,,,,,,,,,,,,,,,,,,,,,,152,148,145,142,139,136,133,131,129,127,125,124,123,122,121,121,121,121,121,121,120,120,118,117,114,112,109,106,104,102,101,100,99.3,98.4,96.8,94.7,92.1,89,85.8,82.7,79.8,77.5,75.6,74.1,73,72,71,69.8,68.4,66.7,64.9,63,61.2,59.6,58.1,56.8,55.6,54.4,53.1,51.7,50.2,48.6,47,45.5,44.2,42.8
Guinea,,,,,,,,,,,,,,,,,,,,,,,,,,,,,,,,,,,,,,,,,,,,,,,,,,,,,,,,,,,,,,,,,,,,,,,,,,,,,,,,,,,,,,,,,,,,,,,,,,,,,,,,,,,,,,,,,,,,,,,,,,,,,,,,,,,,,,,,,,,,,,,,,,,,,,,,,,,,,,,,,,211,209,208,206,205,203,201,199,197,195,193,191,189,187,185,182,179,176,173,170,167,164,161,159,156,153,150,147,144,141,137,134,130,126,122,119,115,111,107,103,99.2,95.4,91.7,88.2,84.9,81.9,79,76.3,73.7,71.2,68.9,66.8,64.7,62.8,61
Gambia,,,,,,,,,,,,,,,,,,,,,,,,,,,,,,,,,,,,,,,,,,,,,,,,,,,,,,,,,,,,,,,,,,,,,,,,,,,,,,,,,,,,,,,,,,,,,,,,,,,,,,,,,,,,,,,,,,,,,,,,,,,,,,,,,,,,,,,,,,,,,,,,,,,,,,,,,,,,,159,156,153,151,148,146,144,142,139,137,135,133,131,128,126,124,122,119,117,114,112,110,108,105,103,101,98.6,96.2,93.7,91.3,88.9,86.5,84.3,82.1,80,78,76.1,74.3,72.6,70.9,69.3,67.7,66.2,64.8,63.3,62,60.6,59.3,58,56.8,55.6,54.5,53.6,52.6,51.7,50.9,50.1,49.4,48.6,47.9
Guinea-Bissau,,,,,,,,,,,,,,,,,,,,,,,,,,,,,,,,,,,,,,,,,,,,,,,,,,,,,,,,,,,,,,,,,,,,,,,,,,,,,,,,,,,,,,,,,,,,,,,,,,,,,,,,,,,,,,,,,,,,,,,,,,,,,,,,,,,,,,,,,,,,,,,,,,,,,,,,,,,,,,,,,,,,,,,,,,,,,,,,,136,135,134,133,133,132,131,130,128,127,146,143,140,138,136,133,130,128,125,122,119,116,113,110,107,104,101,97.1,93.7,90.1,86.7,83.3,79.9,76.6,73.4,70.3,67.4,64.8,62.4,60.3
Equatorial Guinea,,,,,,,,,,,,,,,,,,,,,,,,,,,,,,,,,,,,,,,,,,,,,,,,,,,,,,,,,,,,,,,,,,,,,,,,,,,,,,,,,,,,,,,,,,,,,,,,,,,,,,,,,,,,,,,,,,,,,,,,,,,,,,,,,,,,,,,,,,,,,,,,,,,,,,,,,,,,,,,,,,,,,,,,,,,,,,,,,,,,,,,145,145,143,140,138,135,133,130,128,126,123,121,119,117,114,112,110,107,105,102,99.7,97.1,94.4,91.7,89,86.3,83.7,81.2,78.9,76.6,74.3,72.2,70.3,68.2
Greece,,,,,,,,,,,,,,,,,,,,,,,,,,,,,,,,,,,,,,,,,,,,,,,,,,,,,,,,,,,,,,,,,,,,,,,,,,,,,,,,,,,,,,,,,,,,,,,,,,,,,,,,,,,,,,,,,,,,,,,,,,68,82,92,98,90,75,100,94,111,99,134,123,123,112,113,114,122,99,118,98,,,,,,,,,42,35,44,48,45,50,49.9,50.1,50.2,49.8,49.1,48.3,47.3,46.2,45,43.6,42.3,41.2,39.9,38.3,36.1,33.7,31.9,30.8,30.1,29.4,28.5,27.3,25.9,24.3,22.8,21.3,19.9,18.7,17.7,16.7,15.8,14.9,13.9,12.9,12,11.3,10.7,10.3,9.8,9.4,9.1,8.7,8.3,7.8,7.4,6.9,6.5,6,5.5,5.2,4.8,4.6,4.4,4.3,4.2,4.1,4,3.9,3.8,3.7,3.6
Grenada,,,,,,,,,,,,,,,,,,,,,,,,,,,,,,,,,,,,,,,,,,,,,,,,,,,,,,,,,,,,,,,,,,,,,,,,,,,,,,,,,,,,,,,,,,,,,,,,,,,,,,,,,,,,,,,,,,,,,,,,,,,,,,,,,,,,,,,,,,,,,,,,,,,,,,,,,,,,,,,,,,,,,,,,,,,,,,,,,,,,,,,,,19.5,19.4,19.3,19.2,18.9,18.5,18,17.4,16.7,16.1,15.6,15.1,14.7,14.3,14,13.8,13.6,13.3,13.1,12.9,12.6,12.4,12.3,12.1,12,12,11.9,11.8,11.5,11.4,11.1,10.8
Guatemala,,,,,,,,,,,,,,,,,,,,,,,,,,,,,,,,,,,,,,,,,,,,,,,,,,,,,,,,,,,,,,,,,,,,,,,,,,,,,,,,,,,,,,,,,,,,,,,,,,,,,,,,,,,,,,,,,,,,,,,,,,,,,,,,,,,,,,,,,,,,,,,,,,,,,,,,,,,,,,155,152,149,146,143,141,138,135,133,130,127,124,121,118,115,112,109,106,103,99.9,96.8,93.7,90.7,87.7,84.7,81.8,78.9,76.1,73.2,70.4,67.7,65,62.4,59.8,57.3,55,52.7,50.6,48.5,46.6,44.7,43,41.4,39.9,38.5,37.1,35.9,34.6,33.5,32.3,31.2,30.2,29.3,28.4,27.5,26.6,25.9,25.1,24.3
Guyana,,,,,,,,,,,,,,,,,,,,,,,,,,,,,,,,,,,,,,,,,,,,,,,,,,,,,,,,,,,,,,,,,,,,,,,,,,,,,,,,,,,,,,,,,,,,,,,,,,,,,,,,205,201,187,201,256,198,209,235,229,190,179,170,184,190,199,223,185,148,195,186,177,165,155,159,158,185,146,146,139,139,154,168,122,120,121,166,120,104,84,97,141,136,101,87,85,78,77,108,104,99.2,94.7,90.2,85.8,81.6,77.6,74,70.7,67.7,65.1,62.9,61,59.5,58.3,57.3,56.6,56,55.6,55.4,55.2,55,54.9,54.8,54.6,54.4,54.1,53.8,53.5,53.2,52.8,52.4,51.9,51.4,50.8,50.2,49.4,48.6,47.6,46.6,45.5,44.5,43.4,42.3,41.4,40.5,39.6,38.8,37.9,37.2,36.5,35.8,35.3,34.8,34.4,34.1,33.9,33.8,33.7,33.5,33.5,33.3,33,32.6,32
Honduras,,,,,,,,,,,,,,,,,,,,,,,,,,,,,,,,,,,,,,,,,,,,,,,,,,,,,,,,,,,,,,,,,,,,,,,,,,,,,,,,,,,,,,,,,,,,,,,,,,,,,,,,,,,,,,,,,,,,,,,,,,,,,,,,,,,,,,,,,,,,,,,,,,,,,,,,,,,,,160,155,150,145,141,137,132,128,125,121,117,113,110,106,102,98.7,95.2,91.7,88.3,85,81.7,78.5,75.3,72.2,69.2,66.3,63.5,60.8,58.2,55.8,53.4,51.2,49.1,47.1,45.1,43.3,41.5,39.9,38.4,36.9,35.6,34.3,36.8,31.8,30.5,29.4,28.2,27.1,26,25,24.1,23.2,22.3,21.4,20.7,19.9,19.2,18.6,18,17.4
Croatia,,,,,,,,,,,,,,,,,,,,,,,,,,,,,,,,,,,,,,,,,,,,,,,,,,,,,,,,,,,,,,,,,,,,,,,,,,,,,,,,,,,,,,,,,,,,,,,,,,,,,,,,,,,,,,,,,,,,,,,,,,,,,,,,,,,,,,,,,,,,,,,,,,,,,,,,,,,,,,,,,70,,,,,,,,,,34,,,,,,,,,,20,19.2,18.4,17.5,16.7,15.7,14.8,13.8,12.9,11.9,11.2,10.5,9.9,9.5,9,8.7,8.3,8,7.7,7.4,7.1,6.9,6.6,6.3,6.1,5.8,5.6,5.3,5,4.8,4.6,4.3,4.1,4,3.8,3.6
Haiti,,,,,,,,,,,,,,,,,,,,,,,,,,,,,,,,,,,,,,,,,,,,,,,,,,,,,,,,,,,,,,,,,,,,,,,,,,,,,,,,,,,,,,,,,,,,,,,,,,,,,,,,,,,,,,,,,,,,,,,,,,,,,,,,,,,,,,,,,,,,,,,,,,,,,,,,,,,,,209,205,202,198,195,192,188,185,182,179,176,173,170,167,163,160,157,153,150,146,143,139,136,133,129,126,123,120,117,114,112,109,106,104,101,98.4,95.8,93.1,90.4,87.8,85.1,82.4,79.9,77.4,75,72.8,70.7,68.9,67.2,65.6,64.1,62.7,61.3,60,85.5,57.5,56.2,54.8,53.5,52.2
Hungary,,,,,,,,,,,,,,,,,,,,,,,,,,,,,,,,,,,,,,,,,,,,,,,,,,,,,229,263,264,268,245,255,246,249,,,,,256,224,,,,,,,,,,,,,,,,,,,,,,,,,,259,275,240,247,242,226,223,226,209,223,207,219,204,197,232,207,212,201,214,195,208,286,201,197,264,219,216,217,164,196,193,198,184,193,168,167,185,177,179,153,162,184,136,148,152,139,133,131,121,130,116,133,116,,169,117,103,94,91,86,84,70,71,64.2,64.5,64.5,63,59.9,56.4,53.4,51,49,47.3,45.8,44.4,43.2,42,41,39.9,39,38.5,38.4,38.6,38.1,35.8,32.5,29.4,27.1,25.3,23.8,22.6,22,22,21.9,21.4,20.6,19.4,18.4,17.6,16.9,16.2,15.4,14.2,13,12.1,11.5,11.1,10.7,10.2,9.7,9.1,8.6,8,7.5,7.2,6.8,6.5,6.2,5.9,5.7,5.5,5.4,5.4,5.3,5.3
Indonesia,,,,,,,,,,,,,,,,,,,,,,,,,,,,,,,,,,,,,,,,,,,,,,,,,,,,,,,,,,,,,,,,,,,,,,,,,,,,,,,,,,,,,,,,,,,,,,,,,,,,,,,,,,,,,,,,,,,,,,,,,,,,,,,,,,,,,,,,,,,,,,,,,,,,,,,,192,187,181,176,171,166,161,157,152,148,145,141,138,134,131,127,123,120,116,113,110,107,104,101,97.8,95.1,92.5,90,87.7,85.4,83.1,80.8,78.5,76.2,74,71.6,69.3,67,64.6,62.2,59.8,57.4,55.1,52.9,50.8,48.7,46.7,44.7,42.9,41.1,39.4,37.8,36.3,36,33.4,32.1,30.9,29.7,28.5,27.4,26.3,25.3,24.4,23.6,22.8
India,,,,,,,,,,,,,,,,,,,,,,,,,,,,,,,,,,,,,,,,,,,,,,,,,,,,,,,,,,,,,,,,,,,,,,,,,,,,,,,,,,,,,,,,,,,,,,,,,,,,,,,,,,,,,,,,205,208,195,212,202,202,205,267,224,195,198,175,176,189,174,189,167,173,178,181,179,169,171,187,164,162,162,167,156,160,158,163,165,169,151,,,,,164,,,187,183,180,177,174,171,168,165,163,160,158,155,153,151,149,147,145,143,141,138,136,133,130,127,124,121,118,114,111,108,106,103,101,98.1,95.6,93.1,90.7,88.3,86.1,83.9,81.7,79.6,77.5,75.4,73.1,70.9,68.6,66.4,64.2,62,59.9,57.8,55.8,53.9,51.9,50,48.2,46.3,44.4,42.6,40.9,39.3,37.9
Ireland,,,,,,,,,,,,,,,,,,,,,,,,,,,,,,,,,,,,,,,,,,,,,,,,,,,,,,,,,,,,,,,,,98,98,94,97,95,93,95,91,97,96,94,95,94,92,97,101,112,91,95,98,92,95,94,95,97,94,95,95,105,102,102,104,95,109,110,108,109,101,100,96,100,95,93,92,97,92,95,94,86,97,87,92,83,88,86,88,83,,69,66,72,68,74,71,68,70,68,69,72,65,63,68,74,73,67,66,66,74,69,83,79,71,65,68,50,53,45.6,43.8,41.9,40,38.2,36.7,35.3,34,32.8,31.6,30.4,29.2,28,27,26,24.7,23.3,21.9,20.7,19.7,19,18.5,18.3,18,17.5,17,16.2,15.2,14.2,13,12,11.2,10.4,9.8,9.3,8.9,8.7,8.4,8.3,8,7.7,7.2,6.8,6.4,6.2,6.1,6.1,6.1,6.1,6.1,5.9,5.8,5.4,5.1,4.7,4.4,4.1,3.9,3.8,3.6,3.5,3.4,3.4,3.2,3.1,3
Iran,,,,,,,,,,,,,,,,,,,,,,,,,,,,,,,,,,,,,,,,,,,,,,,,,,,,,,,,,,,,,,,,,,,,,,,,,,,,,,,,,,,,,,,,,,,,,,,,,,,,,,,,,,,,,,,,,,,,,,,,,,,,,,,,,,,,,,,,,,,,,,,,,,,,,,,,,,,,,,,209,200,192,184,176,169,163,156,150,191,177,163,151,126,121,116,111,106,101,95,89.4,83.7,78.3,73.2,68.5,64.4,60.8,57.6,54.7,51.9,49.3,46.9,44.6,42.6,40.8,39.2,37.7,36.2,34.7,33.2,31.7,30.1,28.6,27.1,25.6,24.3,23,21.7,20.5,19.4,18.3,17.3,16.4,15.7,15.1,14.5,13.9,13.4
Iraq,,,,,,,,,,,,,,,,,,,,,,,,,,,,,,,,,,,,,,,,,,,,,,,,,,,,,,,,,,,,,,,,,,,,,,,,,,,,,,,,,,,,,,,,,,,,,,,,,,,,,,,,,,,,,,,,,,,,,,,,,,,,,,,,,,,,,,,,,,,,,,,,,,,,,,,246,231,216,203,190,178,167,157,148,139,132,125,118,113,107,102,97.4,93,88.9,85.1,81.5,78.1,74.9,71.9,68.9,66.2,63.6,61.2,58.9,56.9,55,53.3,51.6,50.1,48.7,47.4,46.1,45.1,44,43.1,42.3,41.6,40.8,40.2,39.5,38.9,38.3,37.6,37,36.4,35.8,35.2,34.6,34.1,33.5,33,32.4,31.8,31.2,30.6,30,29.3,28.7,27.9,27.2,26.5
Iceland,,,,,,,,,,,,,,,,,,,,,,,,,,,,,,,,,,,,,,,,,,,,,,,,,,,,,,,,,,,,,,,,,,,,,,,,,,,,,,,,,,,,,,,,,,,,,,,,,,,,,,,,,,,,,,,,,,,,,,,,,,,,,,,,,,,,,,,,,,,,,,,,,,,,,,,,24,22.9,21.8,20.8,20,19.3,18.7,18.2,17.8,17.5,17.2,16.9,16.4,16,15.5,15,14.4,13.9,13.4,12.8,12.3,11.8,11.3,10.8,10.3,9.8,9.2,8.7,8.3,7.8,7.4,7,6.7,6.4,6.1,5.9,5.6,5.5,5.2,5.1,4.9,4.7,4.5,4.3,4.1,3.9,3.7,3.5,3.3,3.1,3,2.8,2.7,2.6,2.4,2.3,2.2,2.1,1.9,1.9,1.8,1.7,1.6,1.6,1.6
Israel,,,,,,,,,,,,,,,,,,,,,,,,,,,,,,,,,,,,,,,,,,,,,,,,,,,,,,,,,,,,,,,,,,,,,,,,,,,,,,,,,,,,,,,,,,,,,,,,,,,,,,,,,,,,,,,,,,,,,,,,,,,144,126,106,132,108,115,96,90,69,82,86,81,78,64,69,57,59,54,59,56,58,44,36,36,32,30,36,52,47,41,43,40,39,37,40,39,35,32,32,,,,,,,,,,24,,,,25,22.4,20.3,18.6,17.2,16.1,15.3,14.6,14,13.5,12.8,12.1,11.5,11,10.4,10.1,9.7,9.2,8.7,8.2,7.6,7.2,6.7,6.4,6.1,5.9,5.6,5.4,5.2,4.9,4.7,4.5,4.3,4.1,3.9,3.8,3.7,3.5,3.4,3.3,3.3,3.2
Italy,,,,,,,,,,,,,,,,,,,,,,,,,,,,,,,,,,,,,,,,,,,,,,,,,,,,,,,,,,,,,,,,232,233,229,214,223,238,215,230,227,223,214,224,215,203,208,205,207,225,192,206,198,186,194,200,193,200,184,198,184,186,179,186,188,177,164,171,155,174,166,172,172,161,166,161,150,150,157,140,157,128,138,130,148,166,159,196,129,127,131,128,129,126,119,127,120,120,125,106,113,110,100,99,101,100,109,106,97,103,115,112,115,103,103,87,84,72,74,71.2,65.8,61.1,56.9,53.5,51,49.3,48.1,47,45.6,44.2,42.7,41,39.2,37.3,35.7,34.3,33.1,32,30.9,29.7,28.2,26.5,24.5,22.5,20.5,18.7,17.3,16.1,15.1,14.3,13.4,12.6,11.9,11.2,10.5,9.9,9.4,9.1,8.7,8.3,8,7.7,7.3,6.9,6.4,6,5.6,5.3,5,4.7,4.4,4.3,4,3.8,3.7,3.7,3.6,3.5,3.5,3.4,3.3,3.2,3.1,3,2.9
Jamaica,,,,,,,,,,,,,,,,,,,,,,,,,,,,,,,,,,,,,,,,,,,,,,,,,,,,,,,,,,,,,,,,,,,,,,,,,,,,,,,,163,197,173,141,153,166,159,154,170,162,175,188,175,164,169,168,178,176,177,175,170,174,163,162,187,193,165,198,224,172,175,178,188,194,172,167,176,176,185,176,162,173,197,177,171,161,173,168,173,157,160,141,154,141,150,132,138,131,118,129,121,112,104,98,93,99,102,89,92,87,81,95.8,91.6,86.6,83,79.6,76.3,73.1,70.1,67.3,64.6,62,59.8,57.7,55.8,54,52.4,50.8,49.3,47.9,46.3,44.8,43.3,41.8,40.3,39,37.8,36.7,35.6,34.7,33.8,32.9,32.1,31.3,30.5,29.7,29,28.3,27.5,26.8,26.1,25.4,24.7,24,23.3,22.6,21.9,21.2,20.5,19.9,19.3,18.7,18.2,17.8,17.4,17.1,16.9,16.7,16.5,16.2,15.9,15.5,15.1,14.8,14.4,13.9,13.5
Jordan,,,,,,,,,,,,,,,,,,,,,,,,,,,,,,,,,,,,,,,,,,,,,,,,,,,,,,,,,,,,,,,,,,,,,,,,,,,,,,,,,,,,,,,,,,,,,,,,,,,,,,,,,,,,,,,,,,,,,,,,,,,,,,,,,,,,,,,,,,,,,,,,,,,,,,,184,174,165,156,148,141,133,126,119,113,108,102,96.6,91.6,87.1,82.8,78.9,75.2,71.8,68.6,65.7,62.9,60.2,57.8,55.5,53.3,51.2,49.1,47.2,45.3,43.5,41.8,40.2,38.6,37.1,35.7,34.3,33.1,32,30.9,30,29.1,28.3,27.5,26.8,26.2,25.5,24.9,24.3,23.8,23.2,22.6,22.1,21.5,20.9,20.4,19.9,19.3,18.8,18.3,17.8,17.3,16.8,16.3,15.8,15.4
Japan,,,,,,,,,,,,,,,,,,,,,,,,,,,,,,,,,,,,,,,,,,,,,,,,,,,,,,,,,,,,,,,,,,,,,,,,,,,,,,,,,,,,,,,,,,,,,,,,,,,,,,,,,,,,,,,,,,,,,,,,,166,176,166,163,156,142,137,142,138,142,125,132,118,122,125,107,117,106,115,107,90,84,86,87,,,,77,62,63,57.8,53.6,49.9,46.6,43.7,41.4,39.2,37.2,35.1,32.9,30.4,27.9,25.5,23.2,21,19.1,17.5,16.3,15.1,14.2,13.4,12.6,11.9,11.3,10.6,10,9.4,8.8,8.3,7.9,7.4,6.9,6.5,6.2,5.8,5.5,5.2,5,4.8,4.7,4.6,4.5,4.4,4.3,4.3,4.1,4,3.8,3.6,3.4,3.3,3.1,3,2.9,2.9,2.7,2.7,2.6,2.5,2.4,2.4,2.3,2.2,2.1,2.1,2
Kazakhstan,,,,,,,,,,,,,,,,,,,,,,,,,,,,,,,,,,,,,,,,,,,,,,,,,,,,,,,,,,,,,,,,,,,,,,,,,,,,,,,,,,,,,,,,,,,,,,,,,,,,,,,,,,,,,,,,,,,,,,,,,,,,,,,,,,,,,,,,,,,,,,,,,,,,,,,,,,,,,,,,,,,,,,,,,,,,68.2,66.9,65.6,64.5,63.4,62.4,61.4,60.3,59.2,57.8,56.3,54.7,53,51.4,49.9,48.5,47.1,46,45.2,44.7,44.5,44.7,44.9,45,44.8,44,42.7,41.1,39.4,37.5,35.7,33.9,32.1,30.3,28.6,26.8,24.8,23,21.1,19.3,17.5,16,14.6,13.5,12.6
Kenya,,,,,,,,,,,,,,,,,,,,,,,,,,,,,,,,,,,,,,,,,,,,,,,,,,,,,,,,,,,,,,,,,,,,,,,,,,,,,,,,,,,,,,,,,,,,,,,,,,,,,,,,,,,,,,,,,,,,,,,,,,,,,,,,,,,,,,,,,,,,,,,,,,,,,,,187,178,181,170,161,152,144,136,130,124,119,114,110,107,104,101,99,97.1,95.2,93.3,91.3,89.3,87.3,85.2,83,80.7,78.4,76,73.7,71.5,69.4,67.5,65.8,64.4,63.4,62.7,62.5,62.7,63.4,64.5,65.8,67.4,68.9,70.4,71.4,71.9,71.7,71.1,69.9,68.4,66.5,64.5,62.2,59.7,57.2,54.3,51.8,49.5,46.2,44.3,42.4,40.3,39.2,38,36.6,35.5
Kyrgyz Republic,,,,,,,,,,,,,,,,,,,,,,,,,,,,,,,,,,,,,,,,,,,,,,,,,,,,,,,,,,,,,,,,,,,,,,,,,,,,,,,,,,,,,,,,,,,,,,,,,,,,,,,,,,,,,,,,,,,,,,,,,,,,,,,,,,,,,,,,,,,,,,,,,,,,,,,,,,,,,,,,,,,,,,,,,,,92.8,91.8,90.8,90,89.3,87.9,86.1,84.5,82.8,80.9,78.8,76.4,73.7,70.7,67.5,64.4,61.4,58.7,56.5,54.9,54.1,53.8,53.6,53.3,52.6,51.3,49.5,47.5,45.5,43.5,41.6,39.8,38.2,36.7,35.3,34.2,33,31.7,30.1,28.4,26.5,24.6,22.9,21.4,20.1,19
Cambodia,,,,,,,,,,,,,,,,,,,,,,,,,,,,,,,,,,,,,,,,,,,,,,,,,,,,,,,,,,,,,,,,,,,,,,,,,,,,,,,,,,,,,,,,,,,,,,,,,,,,,,,,,,,,,,,,,,,,,,,,,,,,,,,,,,,,,,,,,,,,,,,,,,,,,,,,,,,,,,,,,,,,,,,,,,,,,,,,178,166,155,143,130,117,107,98.1,92.3,89,87.5,86.6,86,85.6,85.5,85.4,85.5,85.7,86.2,86.9,87.6,88.2,88.2,87.1,84.5,80.4,74.7,68.3,62.3,57.4,53.3,49.8,46.5,43.3,40,36.7,33.6,30.7,28.3,26.3,24.6
Kiribati,,,,,,,,,,,,,,,,,,,,,,,,,,,,,,,,,,,,,,,,,,,,,,,,,,,,,,,,,,,,,,,,,,,,,,,,,,,,,,,,,,,,,,,,,,,,,,,,,,,,,,,,,,,,,,,,,,,,,,,,,,,,,,,,,,,,,,,,,,,,,,,,,,,,,,,,,,,,,,,,,,,,122,118,114,110,107,103,100,97.3,94.8,92.6,90.8,89.5,88.5,87.7,87.2,86.8,86.5,86.1,85.7,85.1,84.2,83,81.4,79.5,77.2,74.7,72,69.4,67,65,63.2,61.6,60.3,58.9,57.5,56.1,54.6,53.2,51.9,50.9,50.1,49.7,49.5,49.5,49.5,49.3,48.9,48.3,47.5,46.6,45.6,44.6,43.6
St. Kitts and Nevis,,,,,,,,,,,,,,,,,,,,,,,,,,,,,,,,,,,,,,,,,,,,,,,,,,,,,,,,,,,,,,,,,,,,,,,,,,,,,,,,,,,,,,,,,,,,,,,,,,,,,,,,,,,,,,,,,,,,,,,,,,,,,,,,,,,,,,,,,,,,,,,,,,,,,,,,,,,,,,,,,,,,,,,,,,,57.5,55.6,53.8,52.1,50.5,49.2,47.8,46.6,45.2,43.6,41.9,39.8,37.7,35.4,33.2,31.1,29.2,27.4,25.8,24.4,23.1,22,21,20.1,19.3,18.5,17.8,17,16.3,15.6,15,14.3,13.7,13.1,12.6,12.2,11.7,11.2,10.8,10.4,10,9.6,9.3,9,8.7,8.4
South Korea,,,,,,,,,,,,,,,,,,,,,,,,,,,,,,,,,,,,,,,,,,,,,,,,,,,,,,,,,,,,,,,,,,,,,,,,,,,,,,,,,,,,,,,,,,,,,,,,,,,,,,,,,,,,,,,,,,,,,,,,,,,,,,,,,,,,,,,,,,,,,,,,,,,,,,,222,222,187,159,138,121,109,98.8,91.2,85.1,80.2,76.1,72.4,68.8,65.3,61.6,57.8,54,49.9,45.7,41.4,37.3,33.3,29.5,26,22.8,19.9,17.4,15.4,13.7,12.3,11.3,10.5,9.8,9.2,8.5,7.9,7.4,6.9,6.5,6.1,5.8,5.5,5.2,5,4.7,4.5,4.5,4.7,4.9,5.2,5.5,5.6,5.4,5.2,4.8,4.5,4.1,3.9,3.7,3.5,3.4,3.3,3.2,3,2.9
Kuwait,,,,,,,,,,,,,,,,,,,,,,,,,,,,,,,,,,,,,,,,,,,,,,,,,,,,,,,,,,,,,,,,,,,,,,,,,,,,,,,,,,,,,,,,,,,,,,,,,,,,,,,,,,,,,,,,,,,,,,,,,,,,,,,,,,,,,,,,,,,,,,,,,,,,,,,,,,,,,,,,108,102,95.2,89,83.3,77.8,72.6,68,63.7,60,56.6,53.5,50.6,47.9,45.3,42.8,40.5,38.2,36,33.9,31.8,29.6,27.4,25.2,23,21.1,19.7,18.5,17.6,16.8,16.1,15.3,15.3,14,13.5,13.1,12.7,12.3,11.9,11.5,11.1,10.9,10.7,10.6,10.4,10.3,10.1,10,9.8,9.7,9.5,9.2,8.9,8.5,8.1,7.7,7.3
Lao,,,,,,,,,,,,,,,,,,,,,,,,,,,,,,,,,,,,,,,,,,,,,,,,,,,,,,,,,,,,,,,,,,,,,,,,,,,,,,,,,,,,,,,,,,,,,,,,,,,,,,,,,,,,,,,,,,,,,,,,,,,,,,,,,,,,,,,,,,,,,,,,,,,,,,,,,,,,,,,,,155,,,,,,,,,,141,140,138,137,135,134,133,131,140,137,135,132,130,128,125,123,121,118,116,114,111,109,106,103,100,97.4,94.4,91.5,88.7,86,83.2,80.5,77.8,75.2,72.7,70.2,67.8,65.5,63.2,61,59,57.1,55.4,53.7,52.3,50.7
Lebanon,,,,,,,,,,,,,,,,,,,,,,,,,,,,,,,,,,,,,,,,,,,,,,,,,,,,,,,,,,,,,,,,,,,,,,,,,,,,,,,,,,,,,,,,,,,,,,,,,,,,,,,,,,,,,,,,,,,,,,,,,,,,,,,,,,,,,,,,,,,,,,,,,,,,,,,,,,,,,64.4,62.7,61,59.3,57.6,56.1,54.7,53.4,52.3,51.4,50.5,49.8,49.1,48.6,48.1,47.6,47.2,46.6,46.1,45.4,44.6,43.6,42.6,41.5,40.3,39.1,37.8,36.4,35,33.6,32.2,30.8,29.4,28.2,26.9,25.8,24.7,23.7,22.7,21.8,20.8,19.9,19,18.1,17.1,16.1,15.1,14.1,13.1,12.1,11.2,10.4,9.7,9.2,8.7,8.3,7.9,7.6,7.3,7.1
Liberia,,,,,,,,,,,,,,,,,,,,,,,,,,,,,,,,,,,,,,,,,,,,,,,,,,,,,,,,,,,,,,,,,,,,,,,,,,,,,,,,,,,,,,,,,,,,,,,,,,,,,,,,,,,,,,,,,,,,,,,,,,,,,,,,,,,,,,,,,,,,,,,,,,,,,,,,219,217,214,212,210,222,211,211,212,212,212,211,210,209,207,205,202,199,195,191,188,184,181,178,174,171,168,166,163,161,159,157,156,156,157,159,162,165,168,170,171,170,168,164,158,152,145,138,131,123,116,108,101,94,87.6,81.9,76.9,72.5,68.6,65.2,62.1,59.4,56.9,54.7,52.8
Libya,,,,,,,,,,,,,,,,,,,,,,,,,,,,,,,,,,,,,,,,,,,,,,,,,,,,,,,,,,,,,,,,,,,,,,,,,,,,,,,,,,,,,,,,,,,,,,,,,,,,,,,,,,,,,,,,,,,,,,,,,,,,,,,,,,,,,,,,,,,,,,,,,,,,,,,,,,,,,,,180,173,165,156,148,141,134,127,120,113,107,101,96,90.9,86,81.3,76.9,72.8,69,65.6,62.5,59.6,57,54.6,52.2,49.9,47.6,45.5,43.4,41.3,39.3,37.3,35.5,33.8,32.2,30.8,29.6,28.4,27.4,26.5,25.7,24.9,24.2,23.4,22.7,21.9,20.9,19.8,18.6,17.3,16.1,15.1,14.3,13.9,12.9,12.4,11.9,11.4
St. Lucia,,,,,,,,,,,,,,,,,,,,,,,,,,,,,,,,,,,,,,,,,,,,,,,,,,,,,,,,,,,,,,,,,,,,,,,,,,,,,,,,,,,,,,,,,,,,,,,,,,,,,,,,,,,,,,,,,,,,,,,,,,,,,,,,,,,,,,,,,,,,,,,,,,,,,,,,,,,,,,,,,,,,,,,,,,,57.5,52.6,47.9,43.7,39.8,36.3,33.4,31,29.3,27.9,26.7,25.8,24.9,24,23.2,22.2,21.3,20.4,19.7,19.1,18.7,18.3,18,17.7,17.3,16.9,16.5,16.1,15.8,15.5,15.2,15.1,14.9,14.9,14.9,14.8,14.8,14.6,14.5,14.3,14.1,13.9,13.6,13.3,13,12.7
Liechtenstein,,,,,,,,,,,,,,,,,,,,,,,,,,,,,,,,,,,,,,,,,,,,,,,,,,,,,,,,,,,,,,,,,,,,,,,,,,,,,,,,,,,,,,,,,,,,,,,,,,,,,,,,,,,,,,,,,,,,,,,,,,,,,,,,,,,,,,,,,,,,,,,,,,,,,,,,,,,,,,,,,,,,,,,,,,,,,,,,,,,,,,,,,,,,,,,9,8.64,8.28,7.92,7.56,7.2,6.82,6.44,6.06,5.68,5.3,4.84,4.38,3.92,3.46,3,2.5,2.1,1.76,,,,,,,
Sri Lanka,,,,,,,,,,,,,,,,,,,,,,,,,,,,,,,,,,,,,,,,,,,,,,,,,,,,,,,,,,,,,,,,,,,,,,,,,,,,,,,,,,,,,,,,,,,,,,,,,,,,,,,,,,,,,,,,,,,,,,,,,,,,,,,,,,,,,,,,,,,,,,,,,,,,,,105,94.8,94.3,92.6,90.9,89.1,87,84.5,81.8,78.8,75.7,72.7,69.8,67.1,64.6,62.4,60.4,58.6,57,55.7,54.6,53.6,52.7,51.9,51,50,48.7,47.3,45.6,43.7,41.6,39.4,36.8,34.1,31.2,28.2,25.2,22.6,20.5,19.2,18.4,18.1,18.1,18.2,18,17.7,17.2,16.7,16,15.3,14.6,14,13.6,13.2,13,15.3,12.1,11.4,10.7,10.2,9.7,9.4,9.1,8.9,8.7,8.6,8.4
Lesotho,,,,,,,,,,,,,,,,,,,,,,,,,,,,,,,,,,,,,,,,,,,,,,,,,,,,,,,,,,,,,,,,,,,,,,,,,,,,,,,,,,,,,,,,,,,,,,,,,,,,,,,,,,,,,,,,,,,,,,,,,,,,,,,,,,,,,,,,,,,,,,,,,,,,,,,196,187,171,167,162,158,154,150,147,145,143,142,142,142,141,141,140,139,137,135,132,129,125,122,118,115,110,106,102,97.6,93.5,89.5,85.8,82.7,79.8,77.4,75.3,73.7,72.3,71.4,70.8,70.6,71.1,72.3,74.3,76.6,78.8,80.5,81.8,83,84.1,85.2,86.3,87.3,87.9,88.1,87.5,84.3,84.5,78.8,75.2,71.9,72.3,71.9,70.5,69.2
Lithuania,,,,,,,,,,,,,,,,,,,,,,,,,,,,,,,,,,,,,,,,,,,,,,,,,,,,,,,,,,,,,,,,,,,,,,,,,,,,,,,,,,,,,,,,,,,,,,,,,,,,,,,,,,,,,,,,,,,,,,,,,,,,,,,,,,,,,,,,,,,,,,,,,,,,,,,,,,,,,,,,,52,,,,,,,24.1,23.3,22.1,20.5,18.9,18.4,18.9,19.8,20.2,20.1,19.7,19.3,18.8,18.1,17.6,17.1,16.6,16.1,15.4,14.5,13.6,12.8,12.5,13.4,14.9,16.1,16,14.9,13.5,12,11,10.4,10,9.6,9.2,8.9,8.7,8.4,8.1,7.7,7.2,6.7,6.1,5.6,5,4.5,4,3.6,3.3
Luxembourg,,,,,,,,,,,,,,,,,,,,,,,,,,,,,,,,,,,,,,,,,,,,,,,,,,,,,,,,,,,,,,,,,,,,,,,,,,,,,,,,,,,,,,,,,,,,,,,,,,,,,,,,,,,,,,,,,,,,,,,,,,,,,,,,,,,,,,,,,,,,,,,,,,,,,,,,,,,,,,,,,33,,,,25.4,24.4,23.4,22.4,21.3,20.3,19.3,18.1,17.1,16.1,15.1,14.2,13.4,12.8,12.2,11.7,11.2,10.9,10.5,10.1,9.7,9.4,8.9,8.5,8.1,7.7,7.3,6.8,6.3,6,5.6,5.2,4.9,4.6,4.4,4.1,3.9,3.7,3.4,3.3,3,2.8,2.6,2.4,2.2,2,1.9,1.8,1.6,1.6,1.6,1.5
Latvia,,,,,,,,,,,,,,,,,,,,,,,,,,,,,,,,,,,,,,,,,,,,,,,,,,,,,,,,,,,,,,,,,,,,,,,,,,,,,,,,,,,,,,,,,,,,,,,,,,,,,,,,,,,,,,,,,,,,,,,,,,,,,,,,,,,,,,,,,,,,,,,,,,,,,,,,,,,,,,,,,35,,,,,,,,,,21,,,,,,,,,19.4,19.4,19.4,19.1,18.7,17.8,16.8,15.7,15,14.8,15.4,16.6,18,19.1,19.6,19.9,19.7,19.1,18.1,16.9,15.7,14.5,13.6,12.8,12.2,11.4,10.7,10.1,9.6,9.1,8.6,8.2,7.8,7.6,7.4,7.2,6.9
Morocco,,,,,,,,,,,,,,,,,,,,,,,,,,,,,,,,,,,,,,,,,,,,,,,,,,,,,,,,,,,,,,,,,,,,,,,,,,,,,,,,,,,,,,,,,,,,,,,,,,,,,,,,,,,,,,,,,,,,,,,,,,,,,,,,,,,,,,,,,,,,,,,,,,,,,,,,,,,160,157,154,152,150,147,145,143,140,138,136,133,130,128,125,123,121,119,117,115,112,110,107,104,101,97.4,94,90.6,87.3,83.9,80.6,77.2,74.1,71,68.2,65.6,63.1,60.8,58.5,56.2,54.1,51.8,49.7,47.7,45.8,43.9,42.2,40.5,38.9,37.4,35.9,34.5,33.2,31.9,30.7,29.6,28.5,27.4,26.4,25.5,24.6,23.7
Monaco,,,,,,,,,,,,,,,,,,,,,,,,,,,,,,,,,,,,,,,,,,,,,,,,,,,,,,,,,,,,,,,,,,,,,,,,,,,,,,,,,,,,,,,,,,,,,,,,,,,,,,,,,,,,,,,,,,,,,,,,,,,,,,,,,,,,,,,,,,,,,,,,,,,,,,,,,,,,,,,,,,,,,,,,,,,,,,,,,,,,,,,,,,,,,,6.6,6.4,6,5.8,5.5,5.3,5.1,4.9,4.7,4.5,4.3,4.2,4.1,3.9,3.8,3.7,3.7,3.6,3.5,3.4,3.3,3.2,3.2,3.1,3,2.9,2.8
Moldova,,,,,,,,,,,,,,,,,,,,,,,,,,,,,,,,,,,,,,,,,,,,,,,,,,,,,,,,,,,,,,,,,,,,,,,,,,,,,,,,,,,,,,,,,,,,,,,,,,,,,,,,,,,,,,,,,,,,,,,,,,,,,,,,,,,,,,,,,,,,,,,,,,,,,,,,,,,,,,,,,,,,,,,,,,,50,49.7,48.5,47.3,46.1,44.9,43.8,42.6,41.6,40.6,39.7,38.7,37.4,36,34.5,32.9,31.4,29.9,28.7,27.8,27.3,27.5,28.2,29.2,30.2,31,31.3,30.8,29.8,28.1,26,23.7,21.5,19.5,18,16.9,16,15.5,15.2,14.9,14.7,14.5,14.3,14.1,13.9,13.6
Madagascar,,,,,,,,,,,,,,,,,,,,,,,,,,,,,,,,,,,,,,,,,,,,,,,,,,,,,,,,,,,,,,,,,,,,,,,,,,,,,,,,,,,,,,,,,,,,,,,,,,,,,,,,,,,,,,,,,,,,,,,,,,,,,,,,,,,,,,,,,,,,,,,,,,,,,,,,,,,,,,,,,112,,,,,111,108,105,91.5,92.4,93.2,94.2,95.3,96.7,98.2,99.5,101,102,103,104,105,107,109,110,110,110,108,106,104,101,98.1,95.4,92.9,90.7,88.4,85.9,83.1,80,76.7,73.2,69.7,66.2,62.9,59.7,56.5,53.5,50.6,47.9,45.7,43.8,42.1,40.6,39.3,38.1,37,35.9
Maldives,,,,,,,,,,,,,,,,,,,,,,,,,,,,,,,,,,,,,,,,,,,,,,,,,,,,,,,,,,,,,,,,,,,,,,,,,,,,,,,,,,,,,,,,,,,,,,,,,,,,,,,,,,,,,,,,,,,,,,,,,,,,,,,,,,,,,,,,,,,,,,,,,,,,,,,,,,,,,,,,,,,,217,211,205,199,193,187,181,174,167,160,152,144,137,130,124,118,112,107,102,97.3,92.9,88.8,84.9,81.2,77.7,74.4,71.2,68.2,65.3,62.5,59.5,56.5,53.4,50.1,46.7,43.1,39.4,35.6,31.8,28.3,24.9,22.6,19.4,17.2,15.3,13.7,12.4,11.2,10.1,9.2,8.4,7.8,7.4
Mexico,,,,,,,,,,,,,,,,,,,,,,,,,,,,,,,,,,,,,,,,,,,,,,,,,,,,,,,,,,,,,,,,,,,,,,,,,,,,,,,,,,,,,,,,,,,,,,,,,,,,,,,,,,,,,,,,,,,,,,,,,,,,,,,,,,,,,,,,,,,,,,,,,,,,,,,,,,,,,,,,104,101,97.7,94.9,90.8,89.3,87.6,86,84.1,82,79.8,77.5,75.1,72.7,70.5,68.5,66.6,64.7,62.8,60.7,58.5,56.1,53.7,51.4,49.2,47.3,45.5,43.8,42.1,40.5,38.8,37.1,35.4,33.7,32,30.4,28.8,27.3,25.8,24.3,22.9,21.6,20.4,19.3,18.2,17.4,16.7,16.2,15.8,15.4,15,14.4,13.8,13.1,12.5,11.9,11.3
Marshall Islands,,,,,,,,,,,,,,,,,,,,,,,,,,,,,,,,,,,,,,,,,,,,,,,,,,,,,,,,,,,,,,,,,,,,,,,,,,,,,,,,,,,,,,,,,,,,,,,,,,,,,,,,,,,,,,,,,,,,,,,,,,,,,,,,,,,,,,,,,,,,,,,,,,,,,,,,,,,,,,,,93.7,90.4,87,83.8,80.8,77.9,75.2,72.6,70.2,68,65.9,64,62.3,60.7,59.5,58.4,57.5,56.7,55.9,55.1,54.2,53.2,52.1,50.9,49.6,48.2,46.8,45.5,44.1,42.6,41.1,39.7,38.3,37,35.8,34.9,34.2,33.8,33.6,33.5,33.5,33.5,33.3,33.2,33,32.7,32.5,32.4,32.2,32.1,31.9,31.8,31.6,31.2,30.8,30.2,29.6
North Macedonia,,,,,,,,,,,,,,,,,,,,,,,,,,,,,,,,,,,,,,,,,,,,,,,,,,,,,,,,,,,,,,,,,,,,,,,,,,,,,,,,,,,,,,,,,,,,,,,,,,,,,,,,,,,,,,,,,,,,,,,,,,,,,,,,,,,,,,,,,,,,,,,,,,,,,,,,,,,,,,,,,120,,,,,,,,,,85,,,,,,,,,,52,51.6,50.2,48.3,46.2,45,44.3,42.9,39.7,35.9,33,31.5,30.1,27.9,24.9,22,19.5,17.5,16.1,15,14.2,13.5,12.8,12.6,12.4,12.1,11.6,11,10.4,9.6,8.7,7.5,6.5,5.8,5.2,4.8
Mali,,,,,,,,,,,,,,,,,,,,,,,,,,,,,,,,,,,,,,,,,,,,,,,,,,,,,,,,,,,,,,,,,,,,,,,,,,,,,,,,,,,,,,,,,,,,,,,,,,,,,,,,,,,,,,,,,,,,,,,,,,,,,,,,,,,,,,,,,,,,,,,,,,,,,,,,,,,,,,,,,237,232,225,217,213,209,206,203,200,198,196,194,191,188,185,181,177,173,169,165,161,158,154,151,147,144,141,138,135,133,131,129,127,126,125,125,124,123,121,119,116,113,109,105,101,96.7,93.2,90.1,87.5,85,82.9,81,79.2,77.6,75.9,74.5
Malta,,,,,,,,,,,,,,,,,,,,,,,,,,,,,,,,,,,,,,,,,,,,,,,,,,,,,,,,,,,,,,,,,,,,,,,,,,,,,,,,,,,,,,,,,,,,,,,,,,,,,,,,,,,,,,,,,,,,,,,,,,,,,,,,,,,,,,,,,,,,,,,,,,,,,,,,,,,51.1,48.1,45.3,42.7,40.2,38.1,36.4,34.9,33.7,32.6,31.6,30.6,29.5,28.3,27.2,26,24.7,23.6,22.3,21.2,20.1,19,17.9,17,16.2,15.6,15,14.4,13.9,13.4,12.8,12.3,11.7,11.3,10.9,10.4,10,9.7,9.3,9,8.7,8.4,8,7.6,7.4,7.1,6.8,6.6,6.4,6.2,6.1,6,5.9,5.9,5.8,5.7,5.6,5.6,5.5,5.3,5.2,5.1
Myanmar,,,,,,,,,,,,,,,,,,,,,,,,,,,,,,,,,,,,,,,,,,,,,,,,,,,,,,,,,,,,,,,,,,,,,,,,,,,,,,,,,,,,,,,,,,,,,,,,,,,,,,,,,,,,,,,,,,,,,,,,,,,,,,,,,,,,,,,,,,,,,,,,,,,,,,,,,,,,,,,,,169,,,,,,,,127,124,121,119,117,114,112,109,107,104,102,99.6,97.3,95.2,93.1,91.2,89.2,87.3,85.5,83.7,81.9,80.1,78.3,76.4,74.6,72.7,70.8,69,67.3,65.6,63.9,62.3,60.7,59.2,57.7,56.2,54.7,53.2,51.7,50.2,53.4,47.3,45.8,44.5,43.2,41.9,40.7,39.5
Montenegro,,,,,,,,,,,,,,,,,,,,,,,,,,,,,,,,,,,,,,,,,,,,,,,,,,,,,,,,,,,,,,,,,,,,,,,,,,,,,,,,,,,,,,,,,,,,,,,,,,,,,,,,,,,,,,,,,,,,,,,,,,,,,,,,,,,,,,,,,,,,,,,,,,,,,,,,,,,,,,,,,,,,,,,,,,,,,,,,,,,,,,,,,23.8,21.8,19.9,18.2,16.8,15.7,14.9,14.3,14,13.8,13.7,13.6,13.6,13.5,13.2,13,12.5,12,11.5,10.9,10.1,9.5,8.8,8.2,7.4,6.8,6.3,5.7,5.3,4.9,4.6,4.3
Mongolia,,,,,,,,,,,,,,,,,,,,,,,,,,,,,,,,,,,,,,,,,,,,,,,,,,,,,,,,,,,,,,,,,,,,,,,,,,,,,,,,,,,,,,,,,,,,,,,,,,,,,,,,,,,,,,,,,,,,,,,,,,,,,,,,,,,,,,,,,,,,,,,,,,,,,,,,,,,,,,,,,,,,,,,,,,,,,,,,,,,122,117,113,109,106,102,98.3,94.6,91,87.3,83.7,80.3,76.9,73.8,70.7,67.8,65,62.2,59.4,56.6,53.8,51,48.2,45.3,42.5,39.8,37.3,34.9,32.7,30.6,28.6,26.8,25,23.4,22.1,20.9,19.9,19
Mozambique,,,,,,,,,,,,,,,,,,,,,,,,,,,,,,,,,,,,,,,,,,,,,,,,,,,,,,,,,,,,,,,,,,,,,,,,,,,,,,,,,,,,,,,,,,,,,,,,,,,,,,,,,,,,,,,,,,,,,,,,,,,,,,,,,,,,,,,,,,,,,,,,,,,,,,,,,,,,,,,,,183,,,,181,186,185,184,184,183,182,181,181,180,179,178,177,176,176,175,175,174,173,172,171,169,168,166,164,162,160,157,155,152,148,143,138,133,127,121,115,109,104,99.1,94.6,90.4,86.6,81.5,78,74.3,71.9,68.1,63.6,60.9,58.5,56.7
Mauritania,,,,,,,,,,,,,,,,,,,,,,,,,,,,,,,,,,,,,,,,,,,,,,,,,,,,,,,,,,,,,,,,,,,,,,,,,,,,,,,,,,,,,,,,,,,,,,,,,,,,,,,,,,,,,,,,,,,,,,,,,,,,,,,,,,,,,,,,,,,,,,,,,,,,,,,162,160,157,155,152,150,147,144,141,138,135,132,129,126,123,120,118,115,112,110,109,108,107,107,106,105,104,102,100,98.1,96.3,94.4,92.5,90.6,88.5,86.3,84.1,82.1,80.4,79,77.9,77.2,76.7,76.4,76.3,76.3,76.3,76.3,76.3,76.2,76.2,76,75.9,75.7,75.3,74.7,74,73.1,72.1,71.1,70.1,69.2,68.1,67.2,66.1,65.1
Montserrat,,,,,,,,,,,,,,,,,,,,,,,,,,,,,,,,,,,,,,,,,,,,,,,,,,,,,,,,,,,,,,,,,,,,,,,,,,,,,,,,,,,,,,,,,,,,,,,,,,,,,,,,,,,,,,,,,,,,,,,,,,,,,,,,,,,,,,,,,,,,,,,,,,,,,,,,,,,,,,,,,,,,,,,,,,,,,,,,,,,,,,,,,,,,,,,12,11.9,11.8,11.6,11.5,11.4,11.1,10.8,10.6,10.3,10,9.7,9.4,9.1,8.8,8.5,8.2,7.9,7.61,,,,,,,
Mauritius,,,,,,,,,,,,,,,,,,,,,,,,,,,,,,,,,,,,,,,,,,,,,,,,,,,,,,,,,,,,,,,,,,,,,,,,129,142,216,169,166,155,150,154,141,136,165,175,206,166,173,154,184,164,134,175,168,207,216,190,211,298,,191,176,203,223,196,155,141,192,173,161,188,165,156,150,176,142,144,166,138,179,199,212,,177,161,152,140,128,128,146,134,141,198,203,159,132,130,139,142,154,163,158,162,135,163,142,141,188,145,114,186,91,76,84,81,94,81,67,84.4,76.7,71.9,69.2,67.8,66.3,63.6,59.9,58.1,60.5,65.5,68.4,66.5,62.8,60.3,59.4,58.7,57.4,54.5,49.6,44.1,39.5,36.3,34,32.3,30.5,28.3,25.7,23.9,23.7,24.4,24.4,23.1,21.3,19.9,18.8,18.4,18.4,18.8,19.4,19.9,19.8,19,17.8,16.4,15.1,14.2,13.8,13.7,13.8,14,14.1,13.9,13.6,13.3,13.1,12.8,12.6,12.2,11.8
Malawi,,,,,,,,,,,,,,,,,,,,,,,,,,,,,,,,,,,,,,,,,,,,,,,,,,,,,,,,,,,,,,,,,,,,,,,,,,,,,,,,,,,,,,,,,,,,,,,,,,,,,,,,,,,,,,,,,,,,,,,,,,,,,,,,,,,,,,,,,,,,,,,,,,,,,,,,,,,,228,226,224,222,220,218,216,215,213,214,213,212,212,211,210,208,205,201,196,190,184,178,171,164,157,152,147,144,143,145,147,149,150,149,146,143,138,133,129,125,122,120,117,114,109,104,96.5,88.8,81.6,75.5,70.7,67.1,64.5,61.7,59.6,57.5,53.8,50.2,47.3,45.1,43.4
Malaysia,,,,,,,,,,,,,,,,,,,,,,,,,,,,,,,,,,,,,,,,,,,,,,,,,,,,,,,,,,,,,,,,,,,,,,,,,,,,,,,,,,,,,,,,,,,,,,,,,,,,,,,,,,,,,,,,,,,,,,,,,,,,,,,,,,,,,,,,,,,,,,,,,,,,,,,,,,,,,82.6,78.4,74.5,70.8,67.4,64.2,61.1,58.3,55.8,53.4,51.2,49.1,47.2,45.3,43.5,41.7,39.8,38,36.1,34.2,32.4,30.5,28.8,27,25.4,23.8,22.4,21,19.7,18.6,17.5,16.6,15.7,15,14.3,13.6,13,12.4,11.9,11.5,11.1,10.7,10.1,9.4,8.7,8.1,7.6,7.3,7.1,7,6.9,6.9,6.9,6.9,6.8,6.7,6.6,6.4,6.2,6
Namibia,,,,,,,,,,,,,,,,,,,,,,,,,,,,,,,,,,,,,,,,,,,,,,,,,,,,,,,,,,,,,,,,,,,,,,,,,,,,,,,,,,,,,,,,,,,,,,,,,,,,,,,,,,,,,,,,,,,,,,,,,,,,,,,,,,,,,,,,,,,,,,,,,,,,,,,,,,,,,,,,,102,,,,,,,62.3,62.3,62.5,62.6,62.8,62.9,63.1,63.3,63.4,63.6,63.7,63.7,63.6,63.2,62.5,61.5,60.2,58.7,57.1,55.4,53.8,52.3,50.8,49.6,48.5,47.8,47.5,47.4,47.6,48,48.4,48.9,49.2,49.4,49.2,48.7,48.1,47.1,45.3,44.1,42.7,41.3,39.2,37.5,36,35.5,34.3,33.4,32.8
Niger,,,,,,,,,,,,,,,,,,,,,,,,,,,,,,,,,,,,,,,,,,,,,,,,,,,,,,,,,,,,,,,,,,,,,,,,,,,,,,,,,,,,,,,,,,,,,,,,,,,,,,,,,,,,,,,,,,,,,,,,,,,,,,,,,,,,,,,,,,,,,,,,,,,,,,,,,,,,,,,,,,,,,,,,133,135,136,138,139,140,141,142,141,141,139,137,136,135,135,135,137,138,140,141,141,141,140,138,136,133,129,125,120,115,111,108,104,101,97.7,94.1,90.2,86.2,82.3,78.7,75.2,71.9,68.9,66.1,63.7,61.6,59.8,58.4,57.1
Nigeria,,,,,,,,,,,,,,,,,,,,,,,,,,,,,,,,,,,,,,,,,,,,,,,,,,,,,,,,,,,,,,,,,,,,,,,,,,,,,,,,,,,,,,,,,,,,,,,,,,,,,,,,,,,,,,,,,,,,,,,,,,,,,,,,,,,,,,,,,,,,,,,,,,,,,,,,,,,,,,,,,165,,183,181,195,191,187,183,178,174,169,164,159,154,149,144,140,136,132,129,127,125,124,124,124,124,125,125,126,126,126,126,126,125,124,123,122,120,118,115,112,109,106,103,99.8,96.6,93.4,90.3,87.3,84.3,81.5,78.8,76.2,73.8,71.5,69.4
Nicaragua,,,,,,,,,,,,,,,,,,,,,,,,,,,,,,,,,,,,,,,,,,,,,,,,,,,,,,,,,,,,,,,,,,,,,,,,,,,,,,,,,,,,,,,,,,,,,,,,,,,,,,,,,,,,,,,,,,,,,,,,,,,,,,,,,,,,,,,,,,,,,,,,,,,,,,,,,,,,141,140,138,137,135,134,133,131,130,128,127,125,123,121,119,117,114,111,108,104,100,95.9,91.3,86.7,82.1,77.8,73.7,69.9,66.6,63.6,60.9,58.6,56.5,54.5,52.7,50.9,49,47.1,45.2,43.3,41.4,39.5,37.6,37,34.2,32.6,31.2,29.8,28.6,27.4,26.3,25.3,24.4,23.5,22.7,22,21.3,20.6,20,19.4,18.8
Niue,,,,,,,,,,,,,,,,,,,,,,,,,,,,,,,,,,,,,,,,,,,,,,,,,,,,,,,,,,,,,,,,,,,,,,,,,,,,,,,,,,,,,,,,,,,,,,,,,,,,,,,,,,,,,,,,,,,,,,,,,,,,,,,,,,,,,,,,,,,,,,,,,,,,,,,,,,76,,,,,61.1,,,,,55.5,,,,,52.1,,,,,48.7,,,,,45.2,,,,,41.5,,,9.6,10.2,10.7,11.3,11.9,12.5,13.2,13.9,14.6,15.4,16.1,16.9,17.8,18.8,19.7,20.7,21.6,22.5,23,23.3,23.3,23.2,22.9,22.5,22.1,21.6,21.1,20.5,20,19.6
Netherlands,,,,,,,,,,,,,,,,,,,,,,,,,,,,,,,,,,,,,,,,,164,171,198,169,164,168,230,208,182,169,169,179,201,187,183,199,179,212,212,227,192,196,193,184,191,220,190,197,223,192,211,227,213,206,191,220,201,188,197,182,218,182,174,187,194,169,192,163,173,176,171,169,174,164,152,167,148,148,156,149,155,149,130,135,137,131,127,112,125,99,108,137,87,91,95,87,85,87,103,93,83,85,77,66,61,58,61,59,52,59,51,49,46,43,43,40,39,38,37,34,39,44,40,40,46,80,39,34,29,27,25,23.9,22.8,21.7,20.7,19.8,18.9,18.2,17.5,17,16.4,16.1,15.6,15.3,14.9,14.5,14.2,13.8,13.4,13.1,12.6,12.2,11.7,11.3,10.9,10.5,10.1,9.7,9.3,9,8.8,8.6,8.4,8.2,8,7.9,7.7,7.5,7.2,7,6.8,6.5,6.3,6.1,5.8,5.7,5.5,5.3,5.3,5.2,5.1,5,4.9,4.7,4.6,4.5,4.3,4.2,4,3.8,3.7,3.6,3.5,3.3,3.3,3.2
Norway,,,,,,,,,,,,,,,,,,,,,,,,,,,,,,,,,,,,,134,135,135,158,139,115,123,118,117,118,118,120,121,99,102,108,119,103,97,103,97,100,102,104,102,113,110,106,101,103,108,122,126,111,101,99,103,106,113,115,108,107,103,92,95,97,111,97,96,93,91,88,97,110,97,97,104,89,104,96,97,96,89,107,91,91,74,78,75,82,69,66,75,70,67,65,67,64,68,67,64,64,63,62,58,54,55,50,50,50,48,51,49,54,46,46,47,48,39,44,42,42,37,37,39,43,36,35,37,36,35,35,30,28,26.9,25.2,23.7,22.5,21.7,21,20.5,20,19.5,19,18.4,18,17.5,17.1,16.6,16,15.4,14.8,14.2,13.7,13.1,12.7,12.2,11.6,11,10.5,9.9,9.3,8.8,8.4,8.2,8,8,8.1,8.2,8.3,8.3,8.2,7.9,7.5,7,6.4,5.8,5.3,4.9,4.6,4.4,4.2,4.1,4,4,3.8,3.6,3.5,3.4,3.2,3.1,3,2.9,2.7,2.6,2.5,2.3,2.3,2.2,2
Nepal,,,,,,,,,,,,,,,,,,,,,,,,,,,,,,,,,,,,,,,,,,,,,,,,,,,,,,,,,,,,,,,,,,,,,,,,,,,,,,,,,,,,,,,,,,,,,,,,,,,,,,,,,,,,,,,,,,,,,,,,,,,,,,,,,,,,,,,,,,,,,,,,,,,,,,,,231,231,230,229,228,226,225,224,222,220,217,213,209,205,201,196,191,187,183,179,175,171,167,164,160,156,152,148,144,140,136,132,128,124,120,115,111,107,102,97.7,93.2,88.9,84.7,80.7,76.8,73.1,69.6,66.2,62.8,59.6,56.7,53.8,51.2,48.7,46.3,44.1,42,40,38.1,36.3,34.6,33.1,31.7,30.5,29.4
Nauru,,,,,,,,,,,,,,,,,,,,,,,,,,,,,,,,,,,,,,,,,,,,,,,,,,,,,,,,,,,,,,,,,,,,,,,,,,,,,,,,,,,,,,,,,,,,,,,,,,,,,,,,,,,,,,,,,,,,,,,,,,,,,,,,,,,,,,,,,,,,,,,,,,,,,,,,,,,,,,,,,,,,,,,,,,,,,,,,,,,,,,,,,,,,,,,44.3,42.9,41.6,40.4,39.2,38.1,37,35.9,34.9,34,33.3,32.6,32.1,31.7,31.5,31.5,31.7,32,32.2,32.2,32,31.5,31,30.4,29.7,29.1
New Zealand,,,,,,,,,,,,,,,,,,,,,,,,,,,,,,,,,,,,,,,,,,,,,,,,,,,,,,,,,,,,,,,81,113,120,110,100,98,96,98,93,83,100,108,109,126,103,91,84,107,93,92,88,104,79,89,98,94,71,79,79,91,89,88,81,88,77,72,80,96,75,71,83,81,71,68,62,89,68,62,68,56,51,59,51,51,51,48,48,45,51,48,42,44,40,44,44,45,40,37,38,37,38,38,39,41,41,39,50,42,37,40,37,39,39,35,32,30,27,30,28.5,28,27.3,26.6,25.9,25.2,24.8,24.3,23.8,23.3,22.6,21.7,20.9,20,19.3,18.7,18.3,17.9,17.5,17.2,16.9,16.5,16.2,15.8,15.4,14.9,14.4,13.9,13.5,13.1,12.7,12.4,12.1,11.9,11.6,11.3,11,10.6,10.2,9.7,9.2,8.7,8.2,7.8,7.5,7.1,6.9,6.6,6.4,6.2,6.1,5.9,5.8,5.7,5.5,5.4,5.3,5.3,5.3,5.2,5.1,5,4.9,4.9,4.8,4.7
Oman,,,,,,,,,,,,,,,,,,,,,,,,,,,,,,,,,,,,,,,,,,,,,,,,,,,,,,,,,,,,,,,,,,,,,,,,,,,,,,,,,,,,,,,,,,,,,,,,,,,,,,,,,,,,,,,,,,,,,,,,,,,,,,,,,,,,,,,,,,,,,,,,,,,,,,,,,,,,,,,,,164,237,226,219,208,198,188,179,169,160,152,144,136,129,121,114,107,100,92.9,86.1,79.4,72.8,66.6,60.7,55.3,50.4,45.8,41.8,38.2,35,32,29.3,26.8,24.5,22.5,20.7,19.2,17.7,16.4,15.3,14.3,13.3,12.5,11.9,11.4,10.9,10.6,10.4,10.2,10.1,10,10,10,10,10,9.9
Pakistan,,,,,,,,,,,,,,,,,,,,,,,,,,,,,,,,,,,,,,,,,,,,,,,,,,,,,,,,,,,,,,,,,,,,,,,,,,,,,,,,,,,,,,,,,,,,,,,,,,,,,,,,,,,,,,,,,,,,,,,,,,,,,,,,,,,,,,,,,,,,,,,,,,,,,,,280,287,273,260,248,237,226,217,208,200,192,185,178,172,166,161,156,152,148,144,141,138,136,133,131,129,128,126,125,123,122,121,119,118,116,115,113,111,110,108,106,104,103,101,98.9,97.1,95.2,93.3,91.4,89.5,87.7,86,84.4,82.9,81.4,80,78.7,77.4,76.1,74.8,73.5,72.1,70.6,69.1,67.4,65.8
Panama,,,,,,,,,,,,,,,,,,,,,,,,,,,,,,,,,,,,,,,,,,,,,,,,,,,,,,,,,,,,,,,,,,,,,,,,,,,,,,,,,,,,,,,,,,,,,,,,,,,,,,,,,,,,,,,,,,,,,,,,,,,,,,,,,,,,,,,,,,,,,,,,,,,,,,,86.3,84.1,81.9,79.8,77.7,75.7,73.8,72,70.3,68.6,66.9,65.3,63.6,61.9,60.4,59,57.6,56.2,54.7,53.2,51.4,49.5,47.4,45.4,43.5,41.8,40.3,39,37.9,36.8,35.7,34.6,33.4,32.3,31.1,30.1,29.1,28.1,27.2,26.4,25.7,25.1,24.6,24.2,23.8,23.5,23.3,23,22.7,22.3,21.9,21.4,20.9,20.4,19.9,19.4,19,18.5,18,17.5,17,16.5,16,15.5,15.1,14.6
Peru,,,,,,,,,,,,,,,,,,,,,,,,,,,,,,,,,,,,,,,,,,,,,,,,,,,,,,,,,,,,,,,,,,,,,,,,,,,,,,,,,,,,,,,,,,,,,,,,,,,,,,,,,,,,,,,,,,,,,,,,,,,,,,,,,,,,,,,,,,,,,,,,,,,,,,,,,175,168,162,156,151,147,143,139,136,133,129,125,122,118,115,112,109,106,103,101,98.3,95.8,93.3,91,88.9,87,85.5,83.9,82.4,80.7,78.7,76.3,73.7,70.7,67.6,64.6,61.7,58.9,56.3,53.7,51,48.2,45.4,42.5,39.7,36.9,34.3,31.8,29.6,27.6,25.7,24.1,22.6,21.3,20.1,19,18,17.1,16.3,15.6,14.9,14.2,13.6,13.1
Philippines,,,,,,,,,,,,,,,,,,,,,,,,,,,,,,,,,,,,,,,,,,,,,,,,,,,,,,,,,,,,,,,,,,,,,,,,,,,,,,,,,,,,,,,,,,,,,,,,,,,,,,,,156,68,68,67,54,68,74,66,62,64,49,47,54,58,60,106,106,57,56,54,53,,,157,153,150,162,165,155,138,146,61,153,134,137,139,146,136,,,,,,126,112,114,109,105,99.2,93.9,87.5,84.3,81.1,78.2,75.3,72.6,70.1,67.9,65.9,64.2,62.7,61.4,60.2,59.1,58,57,56.1,55.4,54.9,54.7,54.5,54.4,54.4,54.3,54.2,54,53.7,53.2,52.8,52.3,51.7,50.9,49.8,48.4,46.7,44.8,42.8,40.8,39,37.3,35.9,34.6,33.5,32.6,31.8,31.1,30.5,29.9,29.4,28.9,28.4,27.9,27.4,26.9,26.4,25.9,25.4,24.9,24.4,23.9,23.3,22.8,22.2
Palau,,,,,,,,,,,,,,,,,,,,,,,,,,,,,,,,,,,,,,,,,,,,,,,,,,,,,,,,,,,,,,,,,,,,,,,,,,,,,,,,,,,,,,,,,,,,,,,,,,,,,,,,,,,,,,,,,,,,,,,,,,,,,,,,,,,,,,,,,,,,,,,,,,,,,,,,,,,,,,,,,,,,,,,,,,,,,,,,,,,,,26.4,25.5,24.6,23.8,35.1,34.3,33.7,33,32.3,31.7,31,30.2,29.4,28.7,27.8,27,26.2,25.3,24.4,23.7,22.9,22,21.3,20.7,20.1,19.5,18.8,18.2,17.6,17.2,16.6,16.2,15.7,15.1,14.7,14.2
Papua New Guinea,,,,,,,,,,,,,,,,,,,,,,,,,,,,,,,,,,,,,,,,,,,,,,,,,,,,,,,,,,,,,,,,,,,,,,,,,,,,,,,,,,,,,,,,,,,,,,,,,,,,,,,,,,,,,,,,,,,,,,,,,,,,,,,,,,,,,,,,,,,,,,,,,,,,,,,,,,,,156,151,147,143,139,135,131,127,123,120,116,113,110,106,103,100,97.1,94.4,91.7,89.2,86.9,84.6,82.5,80.6,78.8,77.1,75.5,74,72.6,71.3,70.2,69.1,68.1,67.1,66.2,65.3,64.4,63.4,62.6,61.9,61.2,60.5,59.9,59.3,58.8,58.3,57.8,57.3,56.7,56.2,55.6,54.7,53.8,52.7,51.6,50.3,49.2,48,47,45.7,44.5
Poland,,,,,,,,,,,,,,,,,,,,,,,,,,,,,,,,,,,,,,,,,,,,,,,,,,,,,,,,,,,,,,,,,,,,,,,,,,,,,,,,,,,,,,,,,,,,,,,,,,,,,,,,,,,,,,,,,,,,,,,,,,187,167,,,,,151,145,149,143,142,144,128,141,127,141,136,140,,,,,,,,,,111,107,108,115,95,88,83,81,71,77,75.3,65,57.8,53,49.6,46.8,43.9,40.8,37.9,35.7,34.4,33.4,32.2,30.6,28.8,26.9,25.4,24.5,23.9,23.3,22.5,21.7,21,20.5,20,19.3,18.6,17.8,17.1,16.6,16.1,15.7,15.1,14.7,14.3,13.9,13.5,12.6,11.6,10.4,9.4,8.6,8.1,7.6,7.3,7,6.7,6.6,6.3,6,5.8,5.3,5,4.7,4.6,4.5,4.5,4.5
Puerto Rico,,,,,,,,,,,,,,,,,,,,,,,,,,,,,,,,,,,,,,,,,,,,,,,,,,,,,,,,,,,,,,,,,,,,,,,,,,,,,,,,,,,,,,,,,,,,,,,,,,,,,,,,,,,,,,,,168,164,157,125,141,152,199,173,142,146,162,152,143,128,148,150,167,146,179,133,133,132,140,114,115,128,138,121,113,114,116,103,96,99,93,84,71,78,68,67,67,66,63,58,56,55,50,53,48,,,,,,,,,,,,,,,,,,,,,,,,,,,,,,,,,,,,,,,,,,,,,,,,,,,,,,,,
North Korea,,,,,,,,,,,,,,,,,,,,,,,,,,,,,,,,,,,,,,,,,,,,,,,,,,,,,,,,,,,,,,,,,,,,,,,,,,,,,,,,,,,,,,,,,,,,,,,,,,,,,,,,,,,,,,,,,,,,,,,,,,,,,,,,,,,,,,,,,,,,,,,,,,,,,,,,,,,,,,,,,85,81.7,78.4,75.1,71.8,68.5,65.2,61.9,58.6,55.3,52,50,48,46,44,42,40,38,36,34,32,33,34,35,36,27.7,27.4,27.8,28.9,30.7,33.4,36.9,41.1,45.5,49.8,53.2,55.1,55,53.1,49.4,44.5,39.1,34.1,30.2,27.5,26.2,25.8,25.8,25.8,25.4,24.8,23.8,22.7,21.7,20.7,19.7
Portugal,,,,,,,,,,,,,,,,,,,,,,,,,,,,,,,,,,,,,,,,,,,,,,,,,,,,,,,,,,,,,,,,,,,,,,,,,,,,,,,,,,,,,,,,,,,,,,,,,,,,,,,,,,,,,,,134,,,160,148,148,154,148,209,182,164,148,144,164,144,132,144,142,,151,144,141,147,149,144,149,140,151,137,120,126,151,131,133,122,115,119,107,100,115,94,89,94,96,90.3,89,87.8,87,86.3,85.7,84.6,82.3,78.7,74.4,70.1,66.4,63.6,61.7,60.2,58.1,55.4,51.8,47.6,43.3,39.4,36,32.7,29.5,26.8,24.6,22.8,21.3,19.9,18.6,17.6,16.5,15.5,14.5,13.5,12.5,11.5,10.6,9.7,8.8,8.1,7.4,7,6.6,6.3,5.9,5.5,5.2,4.7,4.3,4,3.7,3.5,3.3,3.3,3.2,3.1,3.1,3.1,3.1,3,3
Paraguay,,,,,,,,,,,,,,,,,,,,,,,,,,,,,,,,,,,,,,,,,,,,,,,,,,,,,,,,,,,,,,,,,,,,,,,,,,,,,,,,,,,,,,,,,,,,,,,,,,,,,,,,,,,,,,,,,,,,,,,,,,,,,,,,,,,,,,,,,,,,,,,,,,,,,,,,65.5,65.1,64.8,64.4,64,65.6,64.8,64,63.3,62.6,62,61.4,60.9,60.5,60,59.6,59.3,58.9,58.4,58,57.4,56.8,56.1,55.3,54.5,53.6,52.6,51.6,50.5,49.4,48.3,47,45.7,44.4,43.2,41.9,40.7,39.4,38.3,37.1,35.9,34.8,33.8,32.8,31.8,30.9,30.1,29.3,28.5,27.7,26.9,26.1,25.3,24.6,23.8,23.1,22.4,21.7,21,20.4,19.8,19.2,18.6,18.1,17.5
Palestine,,,,,,,,,,,,,,,,,,,,,,,,,,,,,,,,,,,,,,,,,,,,,,,,,,,,,,,,,,,,,,,,,,,,,,,,,,,,,,,,,,,,,,,,,,,,,,,,,,,,,,,,,,,,,,,,,,,,,,,,,,,,,,,,,,,,,,,,,,,,,,,,,,,,,,,,,,,,,,,,,,,,,,,,,,,,,,,,78,73.7,69.8,66,62.5,59.2,56.2,53.3,50.6,48.1,45.6,43.3,41.1,39.1,37.2,35.6,34.1,32.7,31.5,30.4,29.3,28.3,27.3,26.4,25.6,24.9,24.2,23.6,23.1,22.6,22.1,21.7,21.3,20.9,20.5,20.2,19.8,19.4,19,18.5,18
Qatar,,,,,,,,,,,,,,,,,,,,,,,,,,,,,,,,,,,,,,,,,,,,,,,,,,,,,,,,,,,,,,,,,,,,,,,,,,,,,,,,,,,,,,,,,,,,,,,,,,,,,,,,,,,,,,,,,,,,,,,,,,,,,,,,,,,,,,,,,,,,,,,,,,,,,,,,,,,,,,,,,94,,,,,,,,,53.5,50.4,47.5,44.8,42.2,39.9,37.7,35.8,34,32.4,31,29.7,28.4,27.2,26,24.8,23.7,22.5,21.3,20.1,18.9,17.8,16.7,15.6,14.7,13.9,13.2,12.5,12,11.5,11.1,10.6,10.2,9.8,9.5,9.2,8.9,8.6,8.4,8.1,7.9,7.7,7.5,7.3,7.2,7,6.8
Romania,,,,,,,,,,,,,,,,,,,,,,,,,,,,,,,,,,,,,,,,,,,,,,,,,,,,,,,,,,,,,,,,,245,219,239,194,203,193,159,144,198,191,214,203,196,190,224,185,230,177,199,175,178,170,183,193,199,191,211,209,243,217,227,201,230,215,222,198,197,202,212,294,,,,,,,,,216,233,217,199,,,,,221,200,207,207,201,192,194,209,184,197,176,180,185,174,182,192,175,178,183,176,188,166,178,184,162,188,164,200,143,136,117,118,105,96,89,78,82,81,69,76,69,,,,,,,,64.1,60.9,57.2,53.4,50.1,47.3,44.8,42.8,41,39.3,37.8,36.3,34.9,33.6,32.5,31.8,31.6,31.8,32.2,32.6,32.6,32,31,30.1,29.1,28.5,27.9,27.3,26.7,26,25,24.2,23.2,22.4,21.6,20.6,19.5,18.2,16.7,15.3,14,13,12.1,11.5,10.9,10.5,10.1,9.7
Russia,,,,,,,,,,,,,,,,,,,,,,,,,,,,,,,,,,,,,,,,,,,,,,,,,,,,,,,,,,,,,,,,,,,,243,299,275,248,274,295,262,262,266,278,260,300,252,286,252,301,284,254,270,248,256,250,275,292,272,307,252,265,279,274,260,279,240,252,272,258,250,232,272,248,225,244,248,271,237,,,,,,,,,,,,,,,,,,,,,,,,,,,,,,,,,,,,,,,,,,,,,,,,,,,,,,,,,,,35.4,34.1,32.9,31.8,30.8,29.9,29.2,28.7,28.2,27.8,27.3,26.9,26.5,26,25.6,25,24.3,23.5,22.8,22.2,21.9,21.9,22,22.1,22.2,22.2,22,21.6,21.1,20.5,19.7,18.8,17.7,16.6,15.4,14.4,13.3,12.4,11.6,10.9,10.3,9.8,9.3,8.9,8.5,8.2
Rwanda,,,,,,,,,,,,,,,,,,,,,,,,,,,,,,,,,,,,,,,,,,,,,,,,,,,,,,,,,,,,,,,,,,,,,,,,,,,,,,,,,,,,,,,,,,,,,,,,,,,,,,,,,,,,,,,,,,,,,,,,,,,,,,,,,,,,,,,,,,,,,,,,,,,,,,,,,,,146,143,145,141,136,131,128,125,123,122,122,122,123,124,126,127,129,132,134,137,141,145,148,148,145,138,129,120,112,105,101,97.8,95.1,93.1,91.9,91.8,93.2,96.3,101,109,132,130,120,122,121,115,109,102,94.1,86,77.7,70.2,63.1,56.8,51.5,47.3,43.8,40,37.1,34.7,32.7,31.1
Saudi Arabia,,,,,,,,,,,,,,,,,,,,,,,,,,,,,,,,,,,,,,,,,,,,,,,,,,,,,,,,,,,,,,,,,,,,,,,,,,,,,,,,,,,,,,,,,,,,,,,,,,,,,,,,,,,,,,,,,,,,,,,,,,,,,,,,,,,,,,,,,,,,,,,,,,,,,,,,,,,,,,,,,150,,,,,,,,,,118,,110,104,98.5,93.1,88.2,83.4,79,74.8,70.7,66.8,63.1,59.4,55.9,52.3,48.8,45.2,41.8,38.5,35.5,32.8,30.3,28.2,26.4,24.8,23.4,22.1,21.1,20.2,19.4,18.7,18.2,17.6,17.2,16.8,16.4,16,15.5,15.1,14.7,14.2,13.8,13.3,12.9,12.5
Sudan,,,,,,,,,,,,,,,,,,,,,,,,,,,,,,,,,,,,,,,,,,,,,,,,,,,,,,,,,,,,,,,,,,,,,,,,,,,,,,,,,,,,,,,,,,,,,,,,,,,,,,,,,,,,,,,,,,,,,,,,,,,,,,,,,,,,,,,,,,,,,,,,,,,,,,,,,,121,119,117,115,113,111,109,107,106,104,103,101,99.8,98.6,97.4,96.4,95.5,94.7,94,93.4,92.7,92,91.3,90.6,89.8,89.1,88.5,87.9,87.3,86.7,86.1,85.4,84.6,83.8,82.8,81.9,80.9,79.9,78.9,77.9,76.9,75.8,74.7,73.6,72.3,70.9,69.4,67.8,66.2,64.6,63,61.4,59.9,58.5,57.1,55.8,54.5,53.3,52.2,51.1,49.9,48.8,47.6
Senegal,,,,,,,,,,,,,,,,,,,,,,,,,,,,,,,,,,,,,,,,,,,,,,,,,,,,,,,,,,,,,,,,,,,,,,,,,,,,,,,,,,,,,,,,,,,,,,,,,,,,,,,,,,,,,,,,,,,,,,,,,,,,,,,,,,,,,,,,,,,,,,,,,143,142,140,139,138,137,142,140,138,136,134,132,130,129,128,127,126,126,126,126,126,126,125,125,124,123,122,120,118,115,112,108,104,101,97.3,94.3,91.7,89.5,87.4,85.4,83.2,80.8,78.1,75.5,73.2,71.5,70.3,69.7,69.6,69.9,70.3,70.8,71.2,71.2,70.9,70,68.5,66.4,63.9,61.3,58.8,56.3,54,51.9,50,48.3,46.7,45.3,44.1,43.1,42.3,41.7
Singapore,,,,,,,,,,,,,,,,,,,,,,,,,,,,,,,,,,,,,,,,,,,,,,,,,,,,,,,,,,,,,,,,,,,,,,,,,,,,,,,,,,,,,,,,,,,,,,,,,,,,,,,,,,,,,,,,,,,,,,,,,,,,,,,,,,,214,198,177,168,169,159,172,155,159,131,143,,,194,285,216,90,87,81,72,82,75,70,67,54.1,50.5,47.2,44.1,41.3,38.4,35.5,32.9,30.8,29.3,28.3,27.3,26.4,25.3,24.1,22.9,22,21,19.6,17.8,16,14.3,13,12.3,12.3,12.3,12,11.4,10.7,10,9.4,8.8,8.4,7.9,7.4,6.7,6.2,5.5,5,4.6,4.3,4.1,3.9,3.8,3.6,3.4,3.1,2.9,2.6,2.5,2.3,2.3,2.3,2.3,2.2,2.2,2.2,2.2,2.2,2.2,2.2,2.1
Solomon Islands,,,,,,,,,,,,,,,,,,,,,,,,,,,,,,,,,,,,,,,,,,,,,,,,,,,,,,,,,,,,,,,,,,,,,,,,,,,,,,,,,,,,,,,,,,,,,,,,,,,,,,,,,,,,,,,,,,,,,,,,,,,,,,,,,,,,,,,,,,,,,,,,,,,,,,,,,,,,,,,,,132,125,119,114,108,103,98.2,92.8,87.3,81.9,76.5,71.4,66.8,62.6,58.7,55.1,51.9,48.9,46.3,43.9,41.9,40.2,38.8,37.6,36.5,35.6,34.8,34.1,33.5,32.8,32.2,31.6,30.9,30.3,29.7,29.1,28.7,28.3,27.9,27.6,27.4,27.2,27.2,27.2,27.3,27.5,27.6,27.6,27.3,27,26.6,26.1,25.5,24.9,24.2,23.6
Sierra Leone,,,,,,,,,,,,,,,,,,,,,,,,,,,,,,,,,,,,,,,,,,,,,,,,,,,,,,,,,,,,,,,,,,,,,,,,,,,,,,,,,,,,,,,,,,,,,,,,,,,,,,,,,,,,,,,,,,,,,,,,,,,,,,,,,,,,,,,,,,,,,,,,,,,,,,,,,,,,218,218,230,226,223,224,221,218,214,211,208,204,201,197,194,191,188,185,183,180,178,175,173,171,169,167,166,164,163,162,160,159,158,158,157,157,156,156,155,155,153,152,150,148,146,143,141,138,135,131,128,125,121,116,112,107,102,97.9,93.8,90.2,87.1
El Salvador,,,,,,,,,,,,,,,,,,,,,,,,,,,,,,,,,,,,,,,,,,,,,,,,,,,,,,,,,,,,,,,,,,,,,,,,,,,,,,,,,,,,,,,,,,,,,,,,,,,,,,,,,,,,,,,,,,,,,,,,,,,,,,,,,,,,,,,,,,,,,,,,,,,,,,,,,,,,140,137,134,131,129,126,124,122,119,117,116,114,112,110,108,107,105,103,101,98.4,95.6,92.7,89.6,86.2,82.6,78.8,74.8,70.8,66.9,63.1,59.5,56.2,53.3,50.6,48.2,45.9,43.8,41.7,39.7,37.6,35.6,33.7,31.8,30,28.4,26.8,25.5,24.2,23.1,22,20.9,20,19.2,18.4,17.7,17.1,16.5,16,15.4,14.9,14.4
San Marino,,,,,,,,,,,,,,,,,,,,,,,,,,,,,,,,,,,,,,,,,,,,,,,,,,,,,,,,,,,,,,,,,,,,,,,,,,,,,,,,,,,,,,,,,,,,,,,,,,,,,,,,,,,,,,,,,,,,,,,,,,,,,,,,,,,,,,,,,,,,,,,,,,,,,,,,,,,,,,,,,,,,,,,,,,,,,,,,,,,,,,,,,,,12.8,11.9,11.2,10.4,9.7,9.1,8.5,7.9,7.4,6.9,6.4,6,5.6,5.3,4.9,4.6,4.3,4.1,3.9,3.7,3.6,3.4,3.3,3.2,3.1,3,2.9,2.8,2.7,2.6
Somalia,,,,,,,,,,,,,,,,,,,,,,,,,,,,,,,,,,,,,,,,,,,,,,,,,,,,,,,,,,,,,,,,,,,,,,,,,,,,,,,,,,,,,,,,,,,,,,,,,,,,,,,,,,,,,,,,,,,,,,,,,,,,,,,,,,,,,,,,,,,,,,,,,,,,,,,,,,,,,,,,,,,,,,,,,,,,,,,,,,,,,148,,116,113,112,112,111,111,111,110,108,107,106,105,105,105,105,105,105,105,105,105,105,105,105,105,105,104,102,100,97.8,95.1,92.6,90.1,87.4,85
Serbia,,,,,,,,,,,,,,,,,,,,,,,,,,,,,,,,,,,,,,,,,,,,,,,,,,,,,,,,,,,,,,,,,,,,,,,,,,,,,,,,,,,,,,,,,140,155,145,167,196,175,163,158,167,167,161,152,150,145,151,151,135,163,143,147,158,181,139,,,,,,,,,,,,,,,,,,,,,,,,,,,,,,,,,,,,,,,,,,,,,,,,,,,,,,,,,,,,,,,,,,,,,,,,,,34.5,33.5,32.5,31.1,29.1,26.8,24.5,22.3,20.9,19.9,18.8,17,15.1,13.3,12,11.4,10.9,10.6,10.1,9.2,8.3,7.7,7.3,7.1,7,6.8,6.6,6.4,6.2,6,6,5.9
South Sudan,,,,,,,,,,,,,,,,,,,,,,,,,,,,,,,,,,,,,,,,,,,,,,,,,,,,,,,,,,,,,,,,,,,,,,,,,,,,,,,,,,,,,,,,,,,,,,,,,,,,,,,,,,,,,,,,,,,,,,,,,,,,,,,,,,,,,,,,,,,,,,,,,,,,,,,,,,,,,,,,,,,,,,,,,,,,,,,,,,,,177,175,173,171,169,166,164,161,158,155,153,150,147,143,140,136,132,128,124,119,114,110,105,99.7,95,90.6,86.4,82.4,78.9,75.7,73.1,70.6,68.3,66.1,64,62,60.3
Sao Tome and Principe,,,,,,,,,,,,,,,,,,,,,,,,,,,,,,,,,,,,,,,,,,,,,,,,,,,,,,,,,,,,,,,,,,,,,,,,,,,,,,,,,,,,,,,,,,,,,,,,,,,,,,,,,,,,,,,,,,,,,,,,,,,,,,,,,,,,,,,,,,,,,,,,,,,,,,,,,,,,,,,,,69,,,,,62.9,61.1,59.5,58.2,57.4,57.1,57.1,57.5,58,58.5,58.9,59.2,59.4,59.5,59.9,60.4,61.2,62.1,63.3,64.6,66,67.2,68.4,69.2,70,70.5,70.8,70.7,70.2,69.4,68.1,66.6,64.8,62.8,60.7,58.5,56.2,54,51.8,49.6,47.5,45.6,43.9,42.4,41,39.8,38.7,37.5,36.6,35.5,34.6
Suriname,,,,,,,,,,,,,,,,,,,,,,,,,,,,,,,,,,,,,,,,,,,,,,,,,,,,,,,,,,,,,,,,,,,,,,,,,,,,,,,,,,,,,,,,,,,,,,,,,,,,,,,,,,,,,,,,,,,,,,,,,,,,,,,,,,,,,,,,,,,,,,,,,,,,,,,,,,,,,,,,,,,,,,,,,,,,,,,,,,,,,40,,59.1,48.1,46.9,45.9,44.7,43.8,42.8,41.8,40.7,39.7,38.6,37.5,36.5,35.4,34.3,33.3,32.2,31.2,30.2,29.2,28.2,27.4,26.6,25.8,25,24.3,23.5,22.7,22.1,21.4,20.8,20.1,19.5,19
Slovak Republic,,,,,,,,,,,,,,,,,,,,,,,,,,,,,,,,,,,,,,,,,,,,,,,,,,,,,,,,,,,,,,,,,,,,,,,,,,,,,,,,,,,,,,,,,,,,,,,,,,,,,,,,,,,,,,,,,,,,,,,,,,,,,,,,,,,,,,,,,,,,,,,,,,,,,,,,,,,,,,,,,33,,,,,,,,,,25,,,,,,,,,,20,23.2,22.2,21.3,20.3,19.4,18.6,17.7,17,16.2,15.6,15,14.3,13.7,13.1,12.6,12,11.6,11,10.6,10.2,9.8,9.5,9.1,8.8,8.4,8.2,7.8,7.6,7.3,7,6.8,6.5,6.3,6.1,5.8
Slovenia,,,,,,,,,,,,,,,,,,,,,,,,,,,,,,,,,,,,,,,,,,,,,,,,,,,,,,,,,,,,,,,,,,,,,,,,,,,,,,,,,,,,,,,,,,,,,,,,,,,,,,,,,,,,,,,,,,,,,,,,,,,,,,,,,,,,,,,,,,,,,,,,,,,,,,,,,,,,,,,,,37,,,,,,,,,,25,,,,,,,,,,16,15.5,14.6,13.8,13.1,12.3,11.5,10.8,10.1,9.4,8.8,8.2,7.7,7.1,6.6,6.2,5.8,5.4,5.2,4.8,4.5,4.3,4.1,3.9,3.7,3.5,3.3,3.2,3,2.8,2.7,2.6,2.4,2.3,2.2,2.1
Sweden,240,204,182,184,185,176,230,188,220,232,193,194,204,198,195,170,184,179,169,183,163,176,162,148,156,154,172,161,170,194,181,198,166,159,174,143,153,195,176,164,146,159,162,159,141,149,163,173,141,142,146,152,163,161,126,145,145,165,143,143,124,137,139,133,137,135,127,140,168,146,132,114,128,129,147,149,140,126,134,111,121,113,125,116,113,114,111,103,100,107,103,108,109,101,101,95,103,99,91,112,99,103,86,93,84,88,81,77,85,72,75,72,71,70,73,76,70,65,65,70,63,64,63,56,60,56,56,60,59,59,55,57,51,50,47,46,43,45,43,40,39,37,29,29,31,30,27,25,23,23,22.1,21,20,19.1,18.4,17.8,17.5,17.1,16.9,16.6,16.3,16,15.6,15,14.4,13.7,13,12.6,12.1,11.7,11.3,10.9,10.4,9.8,9.2,8.7,8.3,8,7.6,7.4,7.2,6.9,6.8,6.6,6.5,6.4,6.3,6.2,6.2,6.1,5.8,5.5,5.1,4.8,4.4,4,3.8,3.6,3.5,3.4,3.4,3.4,3.3,3.2,3.1,3,2.8,2.7,2.6,2.5,2.5,2.4,2.4,2.4,2.4,2.4
Eswatini,,,,,,,,,,,,,,,,,,,,,,,,,,,,,,,,,,,,,,,,,,,,,,,,,,,,,,,,,,,,,,,,,,,,,,,,,,,,,,,,,,,,,,,,,,,,,,,,,,,,,,,,,,,,,,,,,,,,,,,,,,,,,,,,,,,,,,,,,,,,,,,,,,,,,,,160,158,156,154,152,151,149,147,145,144,142,140,138,136,134,131,129,127,124,122,119,117,113,110,106,102,97.7,93.9,90.4,87.2,83.8,80.3,76.5,72.7,68.9,65.3,62,59.4,57.5,56.3,56,56.7,58.6,61.4,64.9,68.7,72.5,76,79.1,81.8,84,85.4,85.9,85.9,84.8,83,76.8,74.7,73.2,65.8,59.1,53.6,51.5,48.4,45.8,44.5
Seychelles,,,,,,,,,,,,,,,,,,,,,,,,,,,,,,,,,,,,,,,,,,,,,,,,,,,,,,,,,,,,,,,,,,,,,,,,,,,,,,,,,,,,,,,,,,,,,,,,,,,,,,,,,,,,,,,,,,,,,,,,,,,,,,,,,,,,,,,,,,,,,,,,,96.8,94.5,92.2,90,87.9,85.8,83.7,83,82.2,81.3,80.3,79.2,78.1,77,75.9,74.8,73.6,72.3,70.9,69.5,67.8,66,64,61.8,59.3,56.8,54.1,51.4,48.6,45.8,42.8,39.7,36.6,33.5,30.5,27.8,25.3,23.2,21.4,19.8,18.6,17.5,16.7,15.9,15.3,14.7,14.2,13.7,13.3,13,12.7,12.5,12.3,12.2,12.2,12.2,12.3,12.3,12.3,12.3,12.3,12.3,12.2,12.2,12.2,12.2,12.2,12.2,12.2,12.1,11.9,11.7
Syria,,,,,,,,,,,,,,,,,,,,,,,,,,,,,,,,,,,,,,,,,,,,,,,,,,,,,,,,,,,,,,,,,,,,,,,,,,,,,,,,,,,,,,,,,,,,,,,,,,,,,,,,,,,,,,,,,,,,,,,,,,,,,,,,,,,,,,,,,,,,,,,,,,,,,,,199,189,179,179,169,159,150,142,135,128,122,116,111,106,101,96.2,91.7,87.4,83.2,79.2,75.3,71.7,68.2,65,62,59.1,56.4,53.9,51.5,49.1,46.9,44.8,42.7,40.8,39.1,37.4,35.8,34.3,33,31.6,30.4,29.2,28,26.8,25.7,24.6,23.6,22.6,21.6,20.7,19.8,19,18.2,17.5,16.8,16.1,15.4,14.8,14.2,13.7,13.2,12.8,12.6,12.1,11.7,11.1
Turks and Caicos Islands,,,,,,,,,,,,,,,,,,,,,,,,,,,,,,,,,,,,,,,,,,,,,,,,,,,,,,,,,,,,,,,,,,,,,,,,,,,,,,,,,,,,,,,,,,,,,,,,,,,,,,,,,,,,,,,,,,,,,,,,,,,,,,,,,,,,,,,,,,,,,,,,,,,,,,,,,,,,,,,,,,,,,,,,,,,,,,,,,,,,,,,,,,,,,,,25,25,25,25,25,25,24.6,24.2,23.8,23.4,23,22.6,22.2,21.8,21.4,21,20.6,20.2,19.8,,,,,,,
Chad,,,,,,,,,,,,,,,,,,,,,,,,,,,,,,,,,,,,,,,,,,,,,,,,,,,,,,,,,,,,,,,,,,,,,,,,,,,,,,,,,,,,,,,,,,,,,,,,,,,,,,,,,,,,,,,,,,,,,,,,,,,,,,,,,,,,,,,,,,,,,,,,,,,,,,,,,,,,,,,,,,,,,,,,,,137,136,135,132,131,131,130,129,129,128,127,127,126,125,124,123,122,120,119,118,117,116,115,114,113,112,111,110,109,108,107,106,105,103,102,101,100,99.4,98.1,96.7,95.1,93.6,91.9,90.2,88.4,86.7,85
Togo,,,,,,,,,,,,,,,,,,,,,,,,,,,,,,,,,,,,,,,,,,,,,,,,,,,,,,,,,,,,,,,,,,,,,,,,,,,,,,,,,,,,,,,,,,,,,,,,,,,,,,,,,,,,,,,,,,,,,,,,,,,,,,,,,,,,,,,,,,,,,,,,,,,,,,,193,190,187,184,181,178,175,172,169,165,162,159,156,154,151,148,145,142,139,136,133,130,127,124,122,119,117,114,112,109,107,105,103,101,98.9,97.1,95.5,94,92.6,91.4,90.2,89,87.9,86.8,85.5,84.2,82.8,81.2,79.6,77.9,76.2,74.4,72.6,70.8,69.1,67.4,65.7,64.1,62.5,60.9,59.3,57.9,56.5,55,53.6,52.3
Thailand,,,,,,,,,,,,,,,,,,,,,,,,,,,,,,,,,,,,,,,,,,,,,,,,,,,,,,,,,,,,,,,,,,,,,,,,,,,,,,,,,,,,,,,,,,,,,,,,,,,,,,,,,,,,,,,,,,,,,,,,,,,,,,,,,,,,,,,,,,,,,,,,,,,,,,,141,136,132,128,123,120,116,112,109,106,102,99,95.8,92.7,89.7,86.8,83.8,80.8,77.8,74.8,71.8,68.7,65.8,62.9,60.2,57.6,55.2,52.9,50.8,48.9,47,45.1,43.4,41.6,40,38.3,36.7,35.1,33.5,31.9,30.3,28.8,27.3,26,24.8,23.7,22.7,21.7,20.8,19.9,19.1,18.3,17.5,16.7,16,15.3,14.6,14,13.4,12.9,12.5,12,11.6,11.2,10.9,10.5
Tajikistan,,,,,,,,,,,,,,,,,,,,,,,,,,,,,,,,,,,,,,,,,,,,,,,,,,,,,,,,,,,,,,,,,,,,,,,,,,,,,,,,,,,,,,,,,,,,,,,,,,,,,,,,,,,,,,,,,,,,,,,,,,,,,,,,,,,,,,,,,,,,,,,,,,,,,,,,,,,,,,,,,,,,,,,,,,,108,,116,113,109,107,104,103,101,101,100,100,100,99,97.3,94.9,91.9,88.6,86,84.8,85,86.9,90.1,93,94.1,93,90.4,87,83,78.8,74.3,69.7,65.3,61,57.3,54.1,51.4,49.2,47.4,46,44.7,43.3,42.1,40.9,39.7,38.5
Turkmenistan,,,,,,,,,,,,,,,,,,,,,,,,,,,,,,,,,,,,,,,,,,,,,,,,,,,,,,,,,,,,,,,,,,,,,,,,,,,,,,,,,,,,,,,,,,,,,,,,,,,,,,,,,,,,,,,,,,,,,,,,,,,,,,,,,,,,,,,,,,,,,,,,,,,,,,,,,,,,,,,,,,,,,,,,,,,,,,,,,,106,103,99.6,96.5,93.4,90.3,87.3,84.4,81.7,79.2,76.9,75,73.5,72.5,72,71.9,71.9,71.9,71.7,71.2,70.4,69.2,67.8,66.1,64.4,62.7,61.1,59.4,57.8,56.2,54.7,53.2,51.7,50.4,48.9,47.6,46.2,45,43.7
Timor-Leste,,,,,,,,,,,,,,,,,,,,,,,,,,,,,,,,,,,,,,,,,,,,,,,,,,,,,,,,,,,,,,,,,,,,,,,,,,,,,,,,,,,,,,,,,,,,,,,,,,,,,,,,,,,,,,,,,,,,,,,,,,,,,,,,,,,,,,,,,,,,,,,,,,,,,,,,,,,,,,,,,,,,,,,,,,,,,,,,,,,,,,,,170,164,157,156,150,144,138,132,127,122,117,112,107,103,98.5,94.4,90.3,86.3,82.4,78.6,74.8,71,67.4,63.9,60.7,57.8,55.3,53.1,51.1,49.3,47.6,46.1,44.7
Tonga,,,,,,,,,,,,,,,,,,,,,,,,,,,,,,,,,,,,,,,,,,,,,,,,,,,,,,,,,,,,,,,,,,,,,,,,,,,,,,,,,,,,,,,,,,,,,,,,,,,,,,,,,,,,,,,,,,,,,,,,,,,,,,,,,,,,,,,,,,,,,,,,,,,,,,,,,,,,,,,,,,,,60.4,57,53.8,50.7,47.8,44.9,42.1,39.6,37.4,35.3,33.5,31.9,30.4,29,27.7,26.6,25.5,24.6,23.7,23,22.4,21.9,21.4,20.9,20.5,19.9,19.3,18.7,18,17.4,16.9,16.5,16.2,15.9,15.7,15.5,15.3,15.1,14.8,14.6,14.4,14.3,14.3,14.4,14.5,14.6,14.8,15,15,15,14.9,14.7,14.4
Trinidad and Tobago,,,,,,,,,,,,,,,,,,,,,,,,,,,,,,,,,,,,,,,,,,,,,,,,,,,,,,,,,,,,,,,,,,,,,,,,,,,,,,,,,,,,,,,,,,,,,,,,,,,,,,,,,,,,,,,,,,,,,,,138,155,175,140,139,130,124,134,143,121,129,128,127,144,109,131,127,99,97,120,98,104,106,109,119,93,80,84,79,81,75,80,77.1,75.3,73.4,71,68.8,66.7,64.5,62.5,60.4,58.4,56.6,54.7,53.1,51.5,50.1,48.8,47.7,46.7,45.7,44.8,43.9,43.1,42.2,41.3,40.4,39.5,38.5,37.4,36.3,35.3,34.3,33.3,32.3,31.4,30.5,29.8,29,28.4,27.8,27.3,26.9,26.5,26.2,25.9,25.7,25.6,25.5,25.5,25.4,25.4,25.3,25.3,25.1,24.7,24.3,23.8,23.3,22.8,22.2,21.6,21,20.4,19.7,19.2,18.7,18.2
Tunisia,,,,,,,,,,,,,,,,,,,,,,,,,,,,,,,,,,,,,,,,,,,,,,,,,,,,,,,,,,,,,,,,,,,,,,,,,,,,,,,,,,,,,,,,,,,,,,,,,,,,,,,,,,,,,,,,,,,,,,,,,,,,,,,,,,,,,,,,,,,,,,,,,,,,,,,,,,,,,,,,179,173,188,179,171,163,156,148,141,135,128,122,116,111,105,99.9,94.2,88.6,83.2,78.1,73.4,69.2,65.5,62.2,59.2,56.4,53.9,51.6,49.5,47.6,45.9,44.3,42.8,41.2,39.6,37.8,35.9,33.9,31.9,29.9,28.1,26.3,24.7,23.3,22,20.7,19.6,18.5,17.5,16.6,15.7,14.9,14.2,13.6,13.1,12.6,12.1
Turkey,,,,,,,,,,,,,,,,,,,,,,,,,,,,,,,,,,,,,,,,,,,,,,,,,,,,,,,,,,,,,,,,,,,,,,,,,,,,,,,,,,,,,,,,,,,,,,,,,,,,,,,,,,,,,,,,,,,,,,,,,,,,,,,,,,,,,,,,,,,,,,,,,,,,,,,169,168,167,191,188,185,181,178,174,170,166,162,157,153,148,144,140,137,133,130,126,123,119,116,112,109,105,102,97.7,94,90.2,86.4,82.6,78.8,75.1,71.5,68.1,64.8,61.6,58.6,55.8,53.1,50.5,48,45.5,43.1,40.8,38.5,36.3,34.2,32.1,30.2,28.3,26.5,24.8,23.2,21.7,20.2,18.9,17.6,16.4,15.3,14.2,13.2,12.3,11.6
Tuvalu,,,,,,,,,,,,,,,,,,,,,,,,,,,,,,,,,,,,,,,,,,,,,,,,,,,,,,,,,,,,,,,,,,,,,,,,,,,,,,,,,,,,,,,,,,,,,,,,,,,,,,,,,,,,,,,,,,,,,,,,,,,,,,,,,,,,,,,,,,,,,,,,,,,,,,,,,,,,,,,,,,,,,,,,,,,,,,,,61.7,59.5,57.2,55.2,53.3,51.6,50.2,48.9,47.9,47,46.4,45.9,45.5,45.2,44.9,44.4,43.9,43.2,42.4,41.5,40.4,39.3,38,36.7,35.4,34.3,33.2,32.3,31.5,30.7,30,29.3,28.5,27.7,27,26.3,25.6,24.9,24.1,23.4,22.8
Taiwan,,,,,,,,,,,,,,,,,,,,,,,,,,,,,,,,,,,,,,,,,,,,,,,,,,,,,,,,,,,,,,,,,,,,,,,,,,,,,,,,,,,,,,,,,,,,,,,,,,,,,,,,,,,,,,,,,,,,,,,,,,,,,,,,,,,,,,,,,,,,,,,,,,,,,,,35,34,35,34,30,34,33,36,35,33,30,31,28,26,24,22,20,21,19,18,16,15,14,14,12,13,12,11,10,10,10,9,8,8,7,7,6,5,6,6,6,5,5,5,5,7,7,7,7,7,7,6,6,5,6,5,,,,,,,,,,
Tanzania,,,,,,,,,,,,,,,,,,,,,,,,,,,,,,,,,,,,,,,,,,,,,,,,,,,,,,,,,,,,,,,,,,,,,,,,,,,,,,,,,,,,,,,,,,,,,,,,,,,,,,,,,,,,,,,,,,,,,,,,,,,,,,,,,,,,,,,,,,,,,,,,,,,,,,,,155,153,152,151,150,149,148,147,146,144,143,142,141,139,137,135,134,131,130,128,126,124,122,120,118,116,114,112,110,109,108,108,107,107,106,105,104,103,102,100,99.6,98.9,98.1,97.1,95.8,93.8,91.4,88.2,84.5,80.3,75.9,71.4,67,62.7,58.7,55.2,51.5,48.3,45.6,42.4,40.4,38.8,37.6,36.2,35.2
Uganda,,,,,,,,,,,,,,,,,,,,,,,,,,,,,,,,,,,,,,,,,,,,,,,,,,,,,,,,,,,,,,,,,,,,,,,,,,,,,,,,,,,,,,,,,,,,,,,,,,,,,,,,,,,,,,,,,,,,,,,,,,,,,,,,,,,,,,,,,,,,,,,,,,,,,,,,,,,152,148,145,142,138,135,132,130,127,125,123,121,119,117,116,114,114,113,114,115,116,118,121,123,126,127,128,127,125,122,119,117,116,115,114,113,111,109,107,105,103,101,99.6,98.1,96,93.4,90,86,81.6,76.9,72.2,67.6,63.4,59.2,55.4,52.3,49.5,46.3,42.5,41.6,39.1,37.7
Ukraine,,,,,,,,,,,,,,,,,,,,,,,,,,,,,,,,,,,,,,,,,,,,,,,,,,,,,,,,,,,,,,,,,,,,,,,,,,,,,,,,,,,,,,,,,,,,,,,,,,,,,,,,,,,,,,,,,,,,,,,,,,,,,,,,,,,,,,,,,,,,,,,,,,,,,,,,,,,,,,,,,,,,,,,,,,,28,27.9,27,26.2,25.5,25,24.6,24.2,23.8,23.4,23,22.4,21.7,20.9,20.1,19.3,18.6,17.9,17.3,16.9,16.7,16.7,16.8,17,17.3,17.5,17.5,17.4,17,16.5,15.8,15.1,14.3,13.6,13,12.5,12,11.6,11.1,10.6,10.1,9.6,9.1,8.6,8.1,7.7
Uruguay,,,,,,,,,,,,,,,,,,,,,,,,,,,,,,,,,,,,,,,,,,,,,,,,,,,,,,,,,,,,,,,,,,,,,,,,,,,,,,,,,,,,,,,,,,,,,,,,,,,,,,,,,,,,,,,,,,,,,,,,,,107,94,104,108,115,93,106,100,93,100,110,99,93,96,102,92,96,99,82,86,83,93,78,66,,62,71,61,52,64,55,51,51,53.3,54.9,56.3,57.7,58.3,58.5,57.7,56.4,54.9,53.6,52.7,52.1,51.7,51.2,50.5,49.6,48.6,47.9,47.8,48.5,49.3,49.4,48.6,46.5,43.2,39.5,35.5,32,29.4,27.6,26.4,25.3,24.3,23.2,22.1,21.1,20.3,19.6,19.1,18.9,18.5,18,17.5,16.8,16,15.3,14.6,14.1,13.7,13.3,12.8,12.4,12,11.5,11.2,11,10.6,10.3,10,9.5,9.1,8.7
USA,,,,,,,,,,,,,,,,,,,,,,,,,,,,,,,,,,,,,,,,,,,,,,,,,,,,,,,,,,,,,,,,,,,,,,,,,,,,,,,,,,,,,,,,,,,,,,,,,,,,,,,,,,,,,,,,,,,,,,,,,,,,,,,,,,,,,,58,64,58,59,58,55,51,51,50,45,44,41,40,39,37,34,34,32.5,31.6,30.7,29.9,29.1,28.5,27.8,27.3,26.9,26.4,25.9,25.4,24.9,24.4,23.8,23.3,22.7,22,21.3,20.6,19.9,19.1,18.3,17.5,16.7,16,15.2,14.5,13.8,13.2,12.6,12.1,11.7,11.2,10.9,10.6,10.4,10.2,10,9.7,9.4,9.1,8.8,8.5,8.2,8,7.7,7.5,7.3,7.2,7.1,7,6.9,6.8,6.9,6.8,6.7,6.6,6.5,6.4,6.3,6.1,6.1,5.9,5.7,5.6
USSR,,,,,,,,,,,,,,,,,,,,,,,,,,,,,,,,,,,,,,,,,,,,,,,,,,,,,,,,,,,,,,,,,,,,,,,,,,,,,,,,,,,,,,,,,,,,,,,,,,,,,,,,,,,,,,,,,,,,,,,,,,,,,,198,172,190,155,,,,,,,,,,,,,,,,,,,,,,81,84,75,68,68,60,47,45,41,41,35,32,32,31,29,27,26,26,26,26,25,23,25,26,28,25,,,,,27,,,26,26,26,25,25,25,27,27,,,,,,,,,,,,,,,,,,,,,,,,,
Uzbekistan,,,,,,,,,,,,,,,,,,,,,,,,,,,,,,,,,,,,,,,,,,,,,,,,,,,,,,,,,,,,,,,,,,,,,,,,,,,,,,,,,,,,,,,,,,,,,,,,,,,,,,,,,,,,,,,,,,,,,,,,,,,,,,,,,,,,,,,,,,,,,,,,,,,,,,,,,,,,,,,,,,,,,,,,,,,,,,,,,,,,97.7,91.8,86.2,81.2,76.7,72.5,68.8,65.6,63,61,59.5,58.8,58.5,58.4,58.1,57.8,57.3,56.8,56,55.1,54,52.7,51.4,50,48.6,47.3,45.9,44.6,43.3,42,40.8,39.6,38.4,37.2,36.1,35,33.9
St. Vincent and the Grenadines,,,,,,,,,,,,,,,,,,,,,,,,,,,,,,,,,,,,,,,,,,,,,,,,,,,,,,,,,,,,,,,,,,,,,,,,,,,,,,,,,,,,,,,,,,,,,,,,,,,,,,,,,,,,,,,,,,,,,,,,,,,,,,,,,,,,,,,,,,,,,,,,,,,,,,,,,,,,,,,,,,,,,,,,,,57.5,58.6,59.6,60.3,60.5,60.1,59,57.3,55,52.1,48.7,45.2,41.5,37.7,34.2,31,28.1,25.8,23.9,22.4,21.2,20.3,19.6,19.2,19,18.9,19,19.1,19.1,19.2,19.2,19.2,19.2,19.2,19.2,19.1,19.2,19.2,19.2,19,18.8,18.6,18.2,17.8,17.4,17,16.6
Venezuela,,,,,,,,,,,,,,,,,,,,,,,,,,,,,,,,,,,,,,,,,,,,,,,,,,,,,,,,,,,,,,,,,,,,,,,,,,,,,,,,,,,,,,,,,,,,,,,,,,,,,,,,,,,,,,,,,,,,,,,,,,,,,,,,,,,150,156,,162,158,137,134,135,139,132,122,121,115,109,117,99,102,100,98,91,81,85.5,81.8,78.4,75.2,72.1,69.3,66.6,64.1,61.9,59.9,58.1,56.6,55.3,54.2,53.1,52.2,51.3,50.3,49.2,48.1,46.8,45.5,44.2,42.9,41.7,40.5,39.2,37.9,36.6,35.2,33.9,32.7,31.5,30.5,29.6,28.6,27.6,26.6,25.6,24.7,23.9,23.3,22.9,22.6,22.1,21.5,20.8,20,20.2,18.5,17.9,17.4,16.9,16.4,15.9,15.4,15,14.7,14.5,14.3,14.1,13.8,13.5,13.2,12.9
British Virgin Islands,,,,,,,,,,,,,,,,,,,,,,,,,,,,,,,,,,,,,,,,,,,,,,,,,,,,,,,,,,,,,,,,,,,,,,,,,,,,,,,,,,,,,,,,,,,,,,,,,,,,,,,,,,,,,,,,,,,,,,,,,,,,,,,,,,,,,,,,,,,,,,,,,,,,,,,,,,,,,,,,,,,,,,,,,,,,,,,,,,,,,,,,,,,,,,,28,27.2,26.4,25.6,24.8,24,23.2,22.4,21.6,20.8,20,19.2,18.4,17.6,16.8,16,15.2,14.4,13.6,,,,,,,
Vietnam,,,,,,,,,,,,,,,,,,,,,,,,,,,,,,,,,,,,,,,,,,,,,,,,,,,,,,,,,,,,,,,,,,,,,,,,,,,,,,,,,,,,,,,,,,,,,,,,,,,,,,,,,,,,,,,,,,,,,,,,,,,,,,,,,,,,,,,,,,,,,,,,,,,,,,,,,,,,,,,,78.7,75.6,72.6,69.9,67.3,61.7,60.7,59.9,59,58.2,57.3,56.4,55.5,54.7,53.8,52.8,51.8,50.9,49.8,48.8,47.8,46.8,45.8,44.8,43.9,43,42,41,40,38.9,37.7,36.6,35.4,34.3,33.1,32,30.9,29.9,28.9,27.9,27,26.1,25.3,24.6,23.9,23.2,22.6,22,21.4,20.8,20.3,19.8,19.3,18.8,18.3,17.8,17.3
Vanuatu,,,,,,,,,,,,,,,,,,,,,,,,,,,,,,,,,,,,,,,,,,,,,,,,,,,,,,,,,,,,,,,,,,,,,,,,,,,,,,,,,,,,,,,,,,,,,,,,,,,,,,,,,,,,,,,,,,,,,,,,,,,,,,,,,,,,,,,,,,,,,,,,,,,,,,,,,124,122,119,117,115,113,111,109,107,104,102,98.8,95.9,92.8,89.8,86.6,83.4,80.4,77.5,74.6,71.9,69.3,66.9,64.6,62.3,59.9,57.4,54.8,52,49.2,46.3,43.4,40.6,38,35.7,33.6,32,30.5,29.2,28.1,27.2,26.4,25.8,25.3,24.9,25.5,24.3,24.1,23.8,23.6,23.4,23.4,23.4,23.4,23.5,23.6,23.7,23.8,23.9,24,24,23.8,23.5,23.1
Samoa,,,,,,,,,,,,,,,,,,,,,,,,,,,,,,,,,,,,,,,,,,,,,,,,,,,,,,,,,,,,,,,,,,,,,,,,,,,,,,,,,,,,,,,,,,,,,,,,,,,,,,,,,,,,,,,,,,,,,,,,,,,,,,,,,,,,,,,,,,,,,,,,,,,,,,,,,,,,,,,,,92,,,,,,,,,,73,,,,,,,,,,55.6,54,52.4,50.8,31.7,30.5,29.4,28.4,27.5,26.6,25.8,25,24.2,23.4,22.6,21.8,21.1,20.4,19.7,19.1,18.5,17.9,17.5,17.1,16.8,16.5,16.4,16.2,16.1,17,16,16,15.8,15.6,15.4,15
Yemen,,,,,,,,,,,,,,,,,,,,,,,,,,,,,,,,,,,,,,,,,,,,,,,,,,,,,,,,,,,,,,,,,,,,,,,,,,,,,,,,,,,,,,,,,,,,,,,,,,,,,,,,,,,,,,,,,,,,,,,,,,,,,,,,,,,,,,,,,,,,,,,,,,,,,,,,,,,,,,,,,225,269,264,277,271,264,256,248,239,230,221,213,204,197,189,181,173,165,156,148,140,132,124,118,112,106,102,97.7,94.3,91.2,88.7,86.4,84.4,82.7,81.1,79.7,78.2,76.5,74.4,71.9,69,66.1,63,60.1,57.2,54.5,51.9,49.4,47,44.7,42.4,40.3,38.4,36.7,35.1,33.8
Yugoslavia,,,,,,,,,,,,,,,,,,,,,,,,,,,,,,,,,,,,,,,,,,,,,,,,,,,,,,,,,,,,,,,,,,,,,,,,,,,,,,,,,,,,,,,,,,,,,,,,,,,,,,,,,,,,,,,,,,,,,,,,,,,,,,143,143,163,150,147,153,165,167,140,150,149,137,141,140,132,,,,,,,,,,102,119,140,105,116,102,113,98,102,86,92,88,82,84,78,76,72,62,61,59,57,56,50,44,44,41,40,37,36,34,33,31,31,30,31,28,28,27,25,25,24,19,,,,,,,,,,,,,,,,,,,,,,,,,
South Africa,,,,,,,,,,,,,,,,,,,,,,,,,,,,,,,,,,,,,,,,,,,,,,,,,,,,,,,,,,,,,,,,,,,,,,,,,,,,,,,,,,,,,,,,,,,,,,,,,,,,,,,,,,,,,,,,,,,,,,,,,,,,,,,,,,,,,,,,,,,,,,,,,,,,,,,,,,,,,,,,,,,,,,,,,,,,,,,91.1,86.6,82.6,78.6,74.9,71.4,68,65,62.2,59.6,57.3,55.1,53.2,51.4,49.8,48.5,47.4,46.7,46.4,46.6,47.2,48.2,49.4,50.9,52.2,53.2,54,54.5,54.7,54.1,52.8,51.5,50,48.6,46.6,41.1,38.2,37.1,36.8,35.3,34.4,33.6
Zambia,,,,,,,,,,,,,,,,,,,,,,,,,,,,,,,,,,,,,,,,,,,,,,,,,,,,,,,,,,,,,,,,,,,,,,,,,,,,,,,,,,,,,,,,,,,,,,,,,,,,,,,,,,,,,,,,,,,,,,,,,,,,,,,,,,,,,,,,,,,,,,,,,,,,,,,,,,141,138,136,133,131,128,126,123,121,119,117,115,114,113,113,112,111,109,107,104,101,98.1,96.3,95.3,95.1,95.3,95.6,96.1,97,98.3,100,103,106,108,111,112,113,113,113,112,111,110,108,106,105,103,101,97.6,92.7,86.5,80,73.9,68.7,64.9,61.3,58.7,55.6,52.9,51.1,49,46.5,44.7,43.3
Zimbabwe,,,,,,,,,,,,,,,,,,,,,,,,,,,,,,,,,,,,,,,,,,,,,,,,,,,,,,,,,,,,,,,,,,,,,,,,,,,,,,,,,,,,,,,,,,,,,,,,,,,,,,,,,,,,,,,,,,,,,,,,,,,,,,,,,,,,,,,,,,,,,,,,,,,,,,,,,,109,107,104,102,99.7,97.4,95,92.6,90.1,87.6,85.3,82.8,80.5,78.3,76.3,74.7,73.4,72.4,71.6,71.1,70.7,70.5,70.3,70.1,69.8,69.2,68.1,66.4,64.2,61.6,58.8,56,53.6,51.7,50.4,49.8,50.2,51.2,52.6,54.5,56.4,58.1,60.1,61.6,62.7,63.3,63.5,63.5,63.2,62.7,61.9,61.5,61,60.3,59.9,58.9,57.7,55.8,54,49.4,48.8,47.6,46.6
